Start,End,Box_Experiment_Run,Round,SN,Delay
1.4.26 12:00,2.4.26 12:00,Box_Experiment_Run_001,1,SN010010,0
1.4.26 12:00,2.4.26 12:00,Box_Experiment_Run_001,1,SN010011,0
2.4.26 12:00,3.4.26 12:00,Box_Experiment_Run_002,1,SN010010,30
2.4.26 12:00,3.4.26 12:00,Box_Experiment_Run_002,1,SN010011,0
3.4.26 12:00,4.4.26 12:00,Box_Experiment_Run_003,1,SN010010,60
3.4.26 12:00,4.4.26 12:00,Box_Experiment_Run_003,1,SN010011,0
4.4.26 12:00,5.4.26 12:00,Box_Experiment_Run_004,1,SN010010,90
4.4.26 12:00,5.4.26 12:00,Box_Experiment_Run_004,1,SN010011,0
5.4.26 12:00,6.4.26 12:00,Box_Experiment_Run_005,1,SN010010,120
5.4.26 12:00,6.4.26 12:00,Box_Experiment_Run_005,1,SN010011,0
6.4.26 12:00,7.4.26 12:00,Box_Experiment_Run_006,2,SN010010,0
6.4.26 12:00,7.4.26 12:00,Box_Experiment_Run_006,2,SN010011,0
7.4.26 12:00,8.4.26 12:00,Box_Experiment_Run_007,2,SN010010,0
7.4.26 12:00,8.4.26 12:00,Box_Experiment_Run_007,2,SN010011,30
8.4.26 12:00,9.4.26 12:00,Box_Experiment_Run_008,2,SN010010,0
8.4.26 12:00,9.4.26 12:00,Box_Experiment_Run_008,2,SN010011,60
9.4.26 12:00,10.4.26 12:00,Box_Experiment_Run_009,2,SN010010,0
9.4.26 12:00,10.4.26 12:00,Box_Experiment_Run_009,2,SN010011,90
10.4.26 12:00,11.4.26 12:00,Box_Experiment_Run_010,2,SN010010,0
10.4.26 12:00,11.4.26 12:00,Box_Experiment_Run_010,2,SN010011,120
11.4.26 12:00,12.4.26 12:00,Box_Experiment_Run_011,2,SN010010,0
11.4.26 12:00,12.4.26 12:00,Box_Experiment_Run_011,2,SN010011,0
12.4.26 12:00,13.4.26 12:00,Box_Experiment_Run_012,2,SN010010,0
12.4.26 12:00,13.4.26 12:00,Box_Experiment_Run_012,2,SN010011,30
13.4.26 12:00,14.4.26 12:00,Box_Experiment_Run_013,2,SN010010,0
13.4.26 12:00,14.4.26 12:00,Box_Experiment_Run_013,2,SN010011,60
14.4.26 12:00,15.4.26 12:00,Box_Experiment_Run_014,2,SN010010,0
14.4.26 12:00,15.4.26 12:00,Box_Experiment_Run_014,2,SN010011,90
15.4.26 12:00,16.4.26 12:00,Box_Experiment_Run_015,2,SN010010,0
15.4.26 12:00,16.4.26 12:00,Box_Experiment_Run_015,2,SN010011,120
16.4.26 12:00,17.4.26 12:00,Box_Experiment_Run_016,3,SN010010,0
16.4.26 12:00,17.4.26 12:00,Box_Experiment_Run_016,3,SN010011,0
17.4.26 12:00,18.4.26 12:00,Box_Experiment_Run_017,3,SN010010,30
17.4.26 12:00,18.4.26 12:00,Box_Experiment_Run_017,3,SN010011,0
18.4.26 12:00,19.4.26 12:00,Box_Experiment_Run_018,3,SN010010,60
18.4.26 12:00,19.4.26 12:00,Box_Experiment_Run_018,3,SN010011,0
19.4.26 12:00,20.4.26 12:00,Box_Experiment_Run_019,3,SN010010,90
19.4.26 12:00,20.4.26 12:00,Box_Experiment_Run_019,3,SN010011,0
20.4.26 12:00,21.4.26 12:00,Box_Experiment_Run_020,3,SN010010,120
20.4.26 12:00,21.4.26 12:00,Box_Experiment_Run_020,3,SN010011,0
21.4.26 12:00,22.4.26 12:00,Box_Experiment_Run_021,4,SN010010,0
21.4.26 12:00,22.4.26 12:00,Box_Experiment_Run_021,4,SN010011,0
22.4.26 12:00,23.4.26 12:00,Box_Experiment_Run_022,4,SN010010,0
22.4.26 12:00,23.4.26 12:00,Box_Experiment_Run_022,4,SN010011,30
23.4.26 12:00,24.4.26 12:00,Box_Experiment_Run_023,4,SN010010,0
23.4.26 12:00,24.4.26 12:00,Box_Experiment_Run_023,4,SN010011,60
24.4.26 12:00,25.4.26 12:00,Box_Experiment_Run_024,4,SN010010,0
24.4.26 12:00,25.4.26 12:00,Box_Experiment_Run_024,4,SN010011,90
25.4.26 12:00,26.4.26 12:00,Box_Experiment_Run_025,4,SN010010,0
25.4.26 12:00,26.4.26 12:00,Box_Experiment_Run_025,4,SN010011,120
26.4.26 12:00,27.4.26 12:00,Box_Experiment_Run_026,5,SN010010,0
26.4.26 12:00,27.4.26 12:00,Box_Experiment_Run_026,5,SN010011,0
27.4.26 12:00,28.4.26 12:00,Box_Experiment_Run_027,5,SN010010,0
27.4.26 12:00,28.4.26 12:00,Box_Experiment_Run_027,5,SN010011,30
28.4.26 12:00,29.4.26 12:00,Box_Experiment_Run_028,5,SN010010,0
28.4.26 12:00,29.4.26 12:00,Box_Experiment_Run_028,5,SN010011,60
29.4.26 12:00,30.4.26 12:00,Box_Experiment_Run_029,5,SN010010,0
29.4.26 12:00,30.4.26 12:00,Box_Experiment_Run_029,5,SN010011,90
30.4.26 12:00,1.5.26 12:00,Box_Experiment_Run_030,5,SN010010,0
30.4.26 12:00,1.5.26 12:00,Box_Experiment_Run_030,5,SN010011,120
1.5.26 12:00,2.5.26 12:00,Box_Experiment_Run_031,6,SN010010,0
1.5.26 12:00,2.5.26 12:00,Box_Experiment_Run_031,6,SN010011,0
2.5.26 12:00,3.5.26 12:00,Box_Experiment_Run_032,6,SN010010,30
2.5.26 12:00,3.5.26 12:00,Box_Experiment_Run_032,6,SN010011,0
3.5.26 12:00,4.5.26 12:00,Box_Experiment_Run_033,6,SN010010,60
3.5.26 12:00,4.5.26 12:00,Box_Experiment_Run_033,6,SN010011,0
4.5.26 12:00,5.5.26 12:00,Box_Experiment_Run_034,6,SN010010,90
4.5.26 12:00,5.5.26 12:00,Box_Experiment_Run_034,6,SN010011,0
5.5.26 12:00,6.5.26 12:00,Box_Experiment_Run_035,6,SN010010,120
5.5.26 12:00,6.5.26 12:00,Box_Experiment_Run_035,6,SN010011,0
6.5.26 12:00,7.5.26 12:00,Box_Experiment_Run_036,7,SN010010,0
6.5.26 12:00,7.5.26 12:00,Box_Experiment_Run_036,7,SN010011,0
7.5.26 12:00,8.5.26 12:00,Box_Experiment_Run_037,7,SN010010,0
7.5.26 12:00,8.5.26 12:00,Box_Experiment_Run_037,7,SN010011,30
8.5.26 12:00,9.5.26 12:00,Box_Experiment_Run_038,7,SN010010,0
8.5.26 12:00,9.5.26 12:00,Box_Experiment_Run_038,7,SN010011,60
9.5.26 12:00,10.5.26 12:00,Box_Experiment_Run_039,7,SN010010,0
9.5.26 12:00,10.5.26 12:00,Box_Experiment_Run_039,7,SN010011,90
10.5.26 12:00,11.5.26 12:00,Box_Experiment_Run_040,7,SN010010,0
10.5.26 12:00,11.5.26 12:00,Box_Experiment_Run_040,7,SN010011,120
11.5.26 12:00,12.5.26 12:00,Box_Experiment_Run_041,8,SN010010,0
11.5.26 12:00,12.5.26 12:00,Box_Experiment_Run_041,8,SN010011,0
12.5.26 12:00,13.5.26 12:00,Box_Experiment_Run_042,8,SN010010,0
12.5.26 12:00,13.5.26 12:00,Box_Experiment_Run_042,8,SN010011,30
13.5.26 12:00,14.5.26 12:00,Box_Experiment_Run_043,8,SN010010,0
13.5.26 12:00,14.5.26 12:00,Box_Experiment_Run_043,8,SN010011,60
14.5.26 12:00,15.5.26 12:00,Box_Experiment_Run_044,8,SN010010,0
14.5.26 12:00,15.5.26 12:00,Box_Experiment_Run_044,8,SN010011,90
15.5.26 12:00,16.5.26 12:00,Box_Experiment_Run_045,8,SN010010,0
15.5.26 12:00,16.5.26 12:00,Box_Experiment_Run_045,8,SN010011,120
16.5.26 12:00,17.5.26 12:00,Box_Experiment_Run_046,9,SN010010,0
16.5.26 12:00,17.5.26 12:00,Box_Experiment_Run_046,9,SN010011,0
17.5.26 12:00,18.5.26 12:00,Box_Experiment_Run_047,9,SN010010,30
17.5.26 12:00,18.5.26 12:00,Box_Experiment_Run_047,9,SN010011,0
18.5.26 12:00,19.5.26 12:00,Box_Experiment_Run_048,9,SN010010,60
18.5.26 12:00,19.5.26 12:00,Box_Experiment_Run_048,9,SN010011,0
19.5.26 12:00,20.5.26 12:00,Box_Experiment_Run_049,9,SN010010,90
19.5.26 12:00,20.5.26 12:00,Box_Experiment_Run_049,9,SN010011,0
20.5.26 12:00,21.5.26 12:00,Box_Experiment_Run_050,9,SN010010,120
20.5.26 12:00,21.5.26 12:00,Box_Experiment_Run_050,9,SN010011,0
21.5.26 12:00,22.5.26 12:00,Box_Experiment_Run_051,10,SN010010,0
21.5.26 12:00,22.5.26 12:00,Box_Experiment_Run_051,10,SN010011,0
22.5.26 12:00,23.5.26 12:00,Box_Experiment_Run_052,10,SN010010,0
22.5.26 12:00,23.5.26 12:00,Box_Experiment_Run_052,10,SN010011,30
23.5.26 12:00,24.5.26 12:00,Box_Experiment_Run_053,10,SN010010,0
23.5.26 12:00,24.5.26 12:00,Box_Experiment_Run_053,10,SN010011,60
24.5.26 12:00,25.5.26 12:00,Box_Experiment_Run_054,10,SN010010,0
24.5.26 12:00,25.5.26 12:00,Box_Experiment_Run_054,10,SN010011,90
25.5.26 12:00,26.5.26 12:00,Box_Experiment_Run_055,10,SN010010,0
25.5.26 12:00,26.5.26 12:00,Box_Experiment_Run_055,10,SN010011,120
26.5.26 12:00,27.5.26 12:00,Box_Experiment_Run_056,11,SN010010,0
26.5.26 12:00,27.5.26 12:00,Box_Experiment_Run_056,11,SN010011,0
27.5.26 12:00,28.5.26 12:00,Box_Experiment_Run_057,11,SN010010,0
27.5.26 12:00,28.5.26 12:00,Box_Experiment_Run_057,11,SN010011,30
28.5.26 12:00,29.5.26 12:00,Box_Experiment_Run_058,11,SN010010,0
28.5.26 12:00,29.5.26 12:00,Box_Experiment_Run_058,11,SN010011,60
29.5.26 12:00,30.5.26 12:00,Box_Experiment_Run_059,11,SN010010,0
29.5.26 12:00,30.5.26 12:00,Box_Experiment_Run_059,11,SN010011,90
30.5.26 12:00,31.5.26 12:00,Box_Experiment_Run_060,11,SN010010,0
30.5.26 12:00,31.5.26 12:00,Box_Experiment_Run_060,11,SN010011,120
31.5.26 12:00,1.6.26 12:00,Box_Experiment_Run_061,12,SN010010,0
31.5.26 12:00,1.6.26 12:00,Box_Experiment_Run_061,12,SN010011,0
1.6.26 12:00,2.6.26 12:00,Box_Experiment_Run_062,12,SN010010,30
1.6.26 12:00,2.6.26 12:00,Box_Experiment_Run_062,12,SN010011,0
2.6.26 12:00,3.6.26 12:00,Box_Experiment_Run_063,12,SN010010,60
2.6.26 12:00,3.6.26 12:00,Box_Experiment_Run_063,12,SN010011,0
3.6.26 12:00,4.6.26 12:00,Box_Experiment_Run_064,12,SN010010,90
3.6.26 12:00,4.6.26 12:00,Box_Experiment_Run_064,12,SN010011,0
4.6.26 12:00,5.6.26 12:00,Box_Experiment_Run_065,12,SN010010,120
4.6.26 12:00,5.6.26 12:00,Box_Experiment_Run_065,12,SN010011,0
5.6.26 12:00,6.6.26 12:00,Box_Experiment_Run_066,13,SN010010,0
5.6.26 12:00,6.6.26 12:00,Box_Experiment_Run_066,13,SN010011,0
6.6.26 12:00,7.6.26 12:00,Box_Experiment_Run_067,13,SN010010,0
6.6.26 12:00,7.6.26 12:00,Box_Experiment_Run_067,13,SN010011,30
7.6.26 12:00,8.6.26 12:00,Box_Experiment_Run_068,13,SN010010,0
7.6.26 12:00,8.6.26 12:00,Box_Experiment_Run_068,13,SN010011,60
8.6.26 12:00,9.6.26 12:00,Box_Experiment_Run_069,13,SN010010,0
8.6.26 12:00,9.6.26 12:00,Box_Experiment_Run_069,13,SN010011,90
9.6.26 12:00,10.6.26 12:00,Box_Experiment_Run_070,13,SN010010,0
9.6.26 12:00,10.6.26 12:00,Box_Experiment_Run_070,13,SN010011,120
10.6.26 12:00,11.6.26 12:00,Box_Experiment_Run_071,14,SN010010,0
10.6.26 12:00,11.6.26 12:00,Box_Experiment_Run_071,14,SN010011,0
11.6.26 12:00,12.6.26 12:00,Box_Experiment_Run_072,14,SN010010,0
11.6.26 12:00,12.6.26 12:00,Box_Experiment_Run_072,14,SN010011,30
12.6.26 12:00,13.6.26 12:00,Box_Experiment_Run_073,14,SN010010,0
12.6.26 12:00,13.6.26 12:00,Box_Experiment_Run_073,14,SN010011,60
13.6.26 12:00,14.6.26 12:00,Box_Experiment_Run_074,14,SN010010,0
13.6.26 12:00,14.6.26 12:00,Box_Experiment_Run_074,14,SN010011,90
14.6.26 12:00,15.6.26 12:00,Box_Experiment_Run_075,14,SN010010,0
14.6.26 12:00,15.6.26 12:00,Box_Experiment_Run_075,14,SN010011,120
15.6.26 12:00,16.6.26 12:00,Box_Experiment_Run_076,15,SN010010,0
15.6.26 12:00,16.6.26 12:00,Box_Experiment_Run_076,15,SN010011,0
16.6.26 12:00,17.6.26 12:00,Box_Experiment_Run_077,15,SN010010,30
16.6.26 12:00,17.6.26 12:00,Box_Experiment_Run_077,15,SN010011,0
17.6.26 12:00,18.6.26 12:00,Box_Experiment_Run_078,15,SN010010,60
17.6.26 12:00,18.6.26 12:00,Box_Experiment_Run_078,15,SN010011,0
18.6.26 12:00,19.6.26 12:00,Box_Experiment_Run_079,15,SN010010,90
18.6.26 12:00,19.6.26 12:00,Box_Experiment_Run_079,15,SN010011,0
19.6.26 12:00,20.6.26 12:00,Box_Experiment_Run_080,15,SN010010,120
19.6.26 12:00,20.6.26 12:00,Box_Experiment_Run_080,15,SN010011,0
20.6.26 12:00,21.6.26 12:00,Box_Experiment_Run_081,16,SN010010,0
20.6.26 12:00,21.6.26 12:00,Box_Experiment_Run_081,16,SN010011,0
21.6.26 12:00,22.6.26 12:00,Box_Experiment_Run_082,16,SN010010,0
21.6.26 12:00,22.6.26 12:00,Box_Experiment_Run_082,16,SN010011,30
22.6.26 12:00,23.6.26 12:00,Box_Experiment_Run_083,16,SN010010,0
22.6.26 12:00,23.6.26 12:00,Box_Experiment_Run_083,16,SN010011,60
23.6.26 12:00,24.6.26 12:00,Box_Experiment_Run_084,16,SN010010,0
23.6.26 12:00,24.6.26 12:00,Box_Experiment_Run_084,16,SN010011,90
24.6.26 12:00,25.6.26 12:00,Box_Experiment_Run_085,16,SN010010,0
24.6.26 12:00,25.6.26 12:00,Box_Experiment_Run_085,16,SN010011,120
25.6.26 12:00,26.6.26 12:00,Box_Experiment_Run_086,17,SN010010,0
25.6.26 12:00,26.6.26 12:00,Box_Experiment_Run_086,17,SN010011,0
26.6.26 12:00,27.6.26 12:00,Box_Experiment_Run_087,17,SN010010,0
26.6.26 12:00,27.6.26 12:00,Box_Experiment_Run_087,17,SN010011,30
27.6.26 12:00,28.6.26 12:00,Box_Experiment_Run_088,17,SN010010,0
27.6.26 12:00,28.6.26 12:00,Box_Experiment_Run_088,17,SN010011,60
28.6.26 12:00,29.6.26 12:00,Box_Experiment_Run_089,17,SN010010,0
28.6.26 12:00,29.6.26 12:00,Box_Experiment_Run_089,17,SN010011,90
29.6.26 12:00,30.6.26 12:00,Box_Experiment_Run_090,17,SN010010,0
29.6.26 12:00,30.6.26 12:00,Box_Experiment_Run_090,17,SN010011,120
30.6.26 12:00,1.7.26 12:00,Box_Experiment_Run_091,18,SN010010,0
30.6.26 12:00,1.7.26 12:00,Box_Experiment_Run_091,18,SN010011,0
1.7.26 12:00,2.7.26 12:00,Box_Experiment_Run_092,18,SN010010,30
1.7.26 12:00,2.7.26 12:00,Box_Experiment_Run_092,18,SN010011,0
2.7.26 12:00,3.7.26 12:00,Box_Experiment_Run_093,18,SN010010,60
2.7.26 12:00,3.7.26 12:00,Box_Experiment_Run_093,18,SN010011,0
3.7.26 12:00,4.7.26 12:00,Box_Experiment_Run_094,18,SN010010,90
3.7.26 12:00,4.7.26 12:00,Box_Experiment_Run_094,18,SN010011,0
4.7.26 12:00,5.7.26 12:00,Box_Experiment_Run_095,18,SN010010,120
4.7.26 12:00,5.7.26 12:00,Box_Experiment_Run_095,18,SN010011,0
5.7.26 12:00,6.7.26 12:00,Box_Experiment_Run_096,19,SN010010,0
5.7.26 12:00,6.7.26 12:00,Box_Experiment_Run_096,19,SN010011,0
6.7.26 12:00,7.7.26 12:00,Box_Experiment_Run_097,19,SN010010,0
6.7.26 12:00,7.7.26 12:00,Box_Experiment_Run_097,19,SN010011,30
7.7.26 12:00,8.7.26 12:00,Box_Experiment_Run_098,19,SN010010,0
7.7.26 12:00,8.7.26 12:00,Box_Experiment_Run_098,19,SN010011,60
8.7.26 12:00,9.7.26 12:00,Box_Experiment_Run_099,19,SN010010,0
8.7.26 12:00,9.7.26 12:00,Box_Experiment_Run_099,19,SN010011,90
9.7.26 12:00,10.7.26 12:00,Box_Experiment_Run_100,19,SN010010,0
9.7.26 12:00,10.7.26 12:00,Box_Experiment_Run_100,19,SN010011,120
10.7.26 12:00,11.7.26 12:00,Box_Experiment_Run_101,20,SN010010,0
10.7.26 12:00,11.7.26 12:00,Box_Experiment_Run_101,20,SN010011,0
11.7.26 12:00,12.7.26 12:00,Box_Experiment_Run_102,20,SN010010,0
11.7.26 12:00,12.7.26 12:00,Box_Experiment_Run_102,20,SN010011,30
12.7.26 12:00,13.7.26 12:00,Box_Experiment_Run_103,20,SN010010,0
12.7.26 12:00,13.7.26 12:00,Box_Experiment_Run_103,20,SN010011,60
13.7.26 12:00,14.7.26 12:00,Box_Experiment_Run_104,20,SN010010,0
13.7.26 12:00,14.7.26 12:00,Box_Experiment_Run_104,20,SN010011,90
14.7.26 12:00,15.7.26 12:00,Box_Experiment_Run_105,20,SN010010,0
14.7.26 12:00,15.7.26 12:00,Box_Experiment_Run_105,20,SN010011,120
15.7.26 12:00,16.7.26 12:00,Box_Experiment_Run_106,21,SN010010,0
15.7.26 12:00,16.7.26 12:00,Box_Experiment_Run_106,21,SN010011,0
16.7.26 12:00,17.7.26 12:00,Box_Experiment_Run_107,21,SN010010,30
16.7.26 12:00,17.7.26 12:00,Box_Experiment_Run_107,21,SN010011,0
17.7.26 12:00,18.7.26 12:00,Box_Experiment_Run_108,21,SN010010,60
17.7.26 12:00,18.7.26 12:00,Box_Experiment_Run_108,21,SN010011,0
18.7.26 12:00,19.7.26 12:00,Box_Experiment_Run_109,21,SN010010,90
18.7.26 12:00,19.7.26 12:00,Box_Experiment_Run_109,21,SN010011,0
19.7.26 12:00,20.7.26 12:00,Box_Experiment_Run_110,21,SN010010,120
19.7.26 12:00,20.7.26 12:00,Box_Experiment_Run_110,21,SN010011,0
20.7.26 12:00,21.7.26 12:00,Box_Experiment_Run_111,22,SN010010,0
20.7.26 12:00,21.7.26 12:00,Box_Experiment_Run_111,22,SN010011,0
21.7.26 12:00,22.7.26 12:00,Box_Experiment_Run_112,22,SN010010,0
21.7.26 12:00,22.7.26 12:00,Box_Experiment_Run_112,22,SN010011,30
22.7.26 12:00,23.7.26 12:00,Box_Experiment_Run_113,22,SN010010,0
22.7.26 12:00,23.7.26 12:00,Box_Experiment_Run_113,22,SN010011,60
23.7.26 12:00,24.7.26 12:00,Box_Experiment_Run_114,22,SN010010,0
23.7.26 12:00,24.7.26 12:00,Box_Experiment_Run_114,22,SN010011,90
24.7.26 12:00,25.7.26 12:00,Box_Experiment_Run_115,22,SN010010,0
24.7.26 12:00,25.7.26 12:00,Box_Experiment_Run_115,22,SN010011,120
25.7.26 12:00,26.7.26 12:00,Box_Experiment_Run_116,23,SN010010,0
25.7.26 12:00,26.7.26 12:00,Box_Experiment_Run_116,23,SN010011,0
26.7.26 12:00,27.7.26 12:00,Box_Experiment_Run_117,23,SN010010,0
26.7.26 12:00,27.7.26 12:00,Box_Experiment_Run_117,23,SN010011,30
27.7.26 12:00,28.7.26 12:00,Box_Experiment_Run_118,23,SN010010,0
27.7.26 12:00,28.7.26 12:00,Box_Experiment_Run_118,23,SN010011,60
28.7.26 12:00,29.7.26 12:00,Box_Experiment_Run_119,23,SN010010,0
28.7.26 12:00,29.7.26 12:00,Box_Experiment_Run_119,23,SN010011,90
29.7.26 12:00,30.7.26 12:00,Box_Experiment_Run_120,23,SN010010,0
29.7.26 12:00,30.7.26 12:00,Box_Experiment_Run_120,23,SN010011,120
30.7.26 12:00,31.7.26 12:00,Box_Experiment_Run_121,24,SN010010,0
30.7.26 12:00,31.7.26 12:00,Box_Experiment_Run_121,24,SN010011,0
31.7.26 12:00,1.8.26 12:00,Box_Experiment_Run_122,24,SN010010,30
31.7.26 12:00,1.8.26 12:00,Box_Experiment_Run_122,24,SN010011,0
1.8.26 12:00,2.8.26 12:00,Box_Experiment_Run_123,24,SN010010,60
1.8.26 12:00,2.8.26 12:00,Box_Experiment_Run_123,24,SN010011,0
2.8.26 12:00,3.8.26 12:00,Box_Experiment_Run_124,24,SN010010,90
2.8.26 12:00,3.8.26 12:00,Box_Experiment_Run_124,24,SN010011,0
3.8.26 12:00,4.8.26 12:00,Box_Experiment_Run_125,24,SN010010,120
3.8.26 12:00,4.8.26 12:00,Box_Experiment_Run_125,24,SN010011,0
4.8.26 12:00,5.8.26 12:00,Box_Experiment_Run_126,25,SN010010,0
4.8.26 12:00,5.8.26 12:00,Box_Experiment_Run_126,25,SN010011,0
5.8.26 12:00,6.8.26 12:00,Box_Experiment_Run_127,25,SN010010,0
5.8.26 12:00,6.8.26 12:00,Box_Experiment_Run_127,25,SN010011,30
6.8.26 12:00,7.8.26 12:00,Box_Experiment_Run_128,25,SN010010,0
6.8.26 12:00,7.8.26 12:00,Box_Experiment_Run_128,25,SN010011,60
7.8.26 12:00,8.8.26 12:00,Box_Experiment_Run_129,25,SN010010,0
7.8.26 12:00,8.8.26 12:00,Box_Experiment_Run_129,25,SN010011,90
8.8.26 12:00,9.8.26 12:00,Box_Experiment_Run_130,25,SN010010,0
8.8.26 12:00,9.8.26 12:00,Box_Experiment_Run_130,25,SN010011,120
9.8.26 12:00,10.8.26 12:00,Box_Experiment_Run_131,26,SN010010,0
9.8.26 12:00,10.8.26 12:00,Box_Experiment_Run_131,26,SN010011,0
10.8.26 12:00,11.8.26 12:00,Box_Experiment_Run_132,26,SN010010,0
10.8.26 12:00,11.8.26 12:00,Box_Experiment_Run_132,26,SN010011,30
11.8.26 12:00,12.8.26 12:00,Box_Experiment_Run_133,26,SN010010,0
11.8.26 12:00,12.8.26 12:00,Box_Experiment_Run_133,26,SN010011,60
12.8.26 12:00,13.8.26 12:00,Box_Experiment_Run_134,26,SN010010,0
12.8.26 12:00,13.8.26 12:00,Box_Experiment_Run_134,26,SN010011,90
13.8.26 12:00,14.8.26 12:00,Box_Experiment_Run_135,26,SN010010,0
13.8.26 12:00,14.8.26 12:00,Box_Experiment_Run_135,26,SN010011,120
14.8.26 12:00,15.8.26 12:00,Box_Experiment_Run_136,27,SN010010,0
14.8.26 12:00,15.8.26 12:00,Box_Experiment_Run_136,27,SN010011,0
15.8.26 12:00,16.8.26 12:00,Box_Experiment_Run_137,27,SN010010,30
15.8.26 12:00,16.8.26 12:00,Box_Experiment_Run_137,27,SN010011,0
16.8.26 12:00,17.8.26 12:00,Box_Experiment_Run_138,27,SN010010,60
16.8.26 12:00,17.8.26 12:00,Box_Experiment_Run_138,27,SN010011,0
17.8.26 12:00,18.8.26 12:00,Box_Experiment_Run_139,27,SN010010,90
17.8.26 12:00,18.8.26 12:00,Box_Experiment_Run_139,27,SN010011,0
18.8.26 12:00,19.8.26 12:00,Box_Experiment_Run_140,27,SN010010,120
18.8.26 12:00,19.8.26 12:00,Box_Experiment_Run_140,27,SN010011,0
19.8.26 12:00,20.8.26 12:00,Box_Experiment_Run_141,28,SN010010,0
19.8.26 12:00,20.8.26 12:00,Box_Experiment_Run_141,28,SN010011,0
20.8.26 12:00,21.8.26 12:00,Box_Experiment_Run_142,28,SN010010,0
20.8.26 12:00,21.8.26 12:00,Box_Experiment_Run_142,28,SN010011,30
21.8.26 12:00,22.8.26 12:00,Box_Experiment_Run_143,28,SN010010,0
21.8.26 12:00,22.8.26 12:00,Box_Experiment_Run_143,28,SN010011,60
22.8.26 12:00,23.8.26 12:00,Box_Experiment_Run_144,28,SN010010,0
22.8.26 12:00,23.8.26 12:00,Box_Experiment_Run_144,28,SN010011,90
23.8.26 12:00,24.8.26 12:00,Box_Experiment_Run_145,28,SN010010,0
23.8.26 12:00,24.8.26 12:00,Box_Experiment_Run_145,28,SN010011,120
24.8.26 12:00,25.8.26 12:00,Box_Experiment_Run_146,29,SN010010,0
24.8.26 12:00,25.8.26 12:00,Box_Experiment_Run_146,29,SN010011,0
25.8.26 12:00,26.8.26 12:00,Box_Experiment_Run_147,29,SN010010,0
25.8.26 12:00,26.8.26 12:00,Box_Experiment_Run_147,29,SN010011,30
26.8.26 12:00,27.8.26 12:00,Box_Experiment_Run_148,29,SN010010,0
26.8.26 12:00,27.8.26 12:00,Box_Experiment_Run_148,29,SN010011,60
27.8.26 12:00,28.8.26 12:00,Box_Experiment_Run_149,29,SN010010,0
27.8.26 12:00,28.8.26 12:00,Box_Experiment_Run_149,29,SN010011,90
28.8.26 12:00,29.8.26 12:00,Box_Experiment_Run_150,29,SN010010,0
28.8.26 12:00,29.8.26 12:00,Box_Experiment_Run_150,29,SN010011,120
29.8.26 12:00,30.8.26 12:00,Box_Experiment_Run_151,30,SN010010,0
29.8.26 12:00,30.8.26 12:00,Box_Experiment_Run_151,30,SN010011,0
30.8.26 12:00,31.8.26 12:00,Box_Experiment_Run_152,30,SN010010,30
30.8.26 12:00,31.8.26 12:00,Box_Experiment_Run_152,30,SN010011,0
31.8.26 12:00,1.9.26 12:00,Box_Experiment_Run_153,30,SN010010,60
31.8.26 12:00,1.9.26 12:00,Box_Experiment_Run_153,30,SN010011,0
1.9.26 12:00,2.9.26 12:00,Box_Experiment_Run_154,30,SN010010,90
1.9.26 12:00,2.9.26 12:00,Box_Experiment_Run_154,30,SN010011,0
2.9.26 12:00,3.9.26 12:00,Box_Experiment_Run_155,30,SN010010,120
2.9.26 12:00,3.9.26 12:00,Box_Experiment_Run_155,30,SN010011,0
3.9.26 12:00,4.9.26 12:00,Box_Experiment_Run_156,31,SN010010,0
3.9.26 12:00,4.9.26 12:00,Box_Experiment_Run_156,31,SN010011,0
4.9.26 12:00,5.9.26 12:00,Box_Experiment_Run_157,31,SN010010,0
4.9.26 12:00,5.9.26 12:00,Box_Experiment_Run_157,31,SN010011,30
5.9.26 12:00,6.9.26 12:00,Box_Experiment_Run_158,31,SN010010,0
5.9.26 12:00,6.9.26 12:00,Box_Experiment_Run_158,31,SN010011,60
6.9.26 12:00,7.9.26 12:00,Box_Experiment_Run_159,31,SN010010,0
6.9.26 12:00,7.9.26 12:00,Box_Experiment_Run_159,31,SN010011,90
7.9.26 12:00,8.9.26 12:00,Box_Experiment_Run_160,31,SN010010,0
7.9.26 12:00,8.9.26 12:00,Box_Experiment_Run_160,31,SN010011,120
8.9.26 12:00,9.9.26 12:00,Box_Experiment_Run_161,32,SN010010,0
8.9.26 12:00,9.9.26 12:00,Box_Experiment_Run_161,32,SN010011,0
9.9.26 12:00,10.9.26 12:00,Box_Experiment_Run_162,32,SN010010,0
9.9.26 12:00,10.9.26 12:00,Box_Experiment_Run_162,32,SN010011,30
10.9.26 12:00,11.9.26 12:00,Box_Experiment_Run_163,32,SN010010,0
10.9.26 12:00,11.9.26 12:00,Box_Experiment_Run_163,32,SN010011,60
11.9.26 12:00,12.9.26 12:00,Box_Experiment_Run_164,32,SN010010,0
11.9.26 12:00,12.9.26 12:00,Box_Experiment_Run_164,32,SN010011,90
12.9.26 12:00,13.9.26 12:00,Box_Experiment_Run_165,32,SN010010,0
12.9.26 12:00,13.9.26 12:00,Box_Experiment_Run_165,32,SN010011,120
13.9.26 12:00,14.9.26 12:00,Box_Experiment_Run_166,33,SN010010,0
13.9.26 12:00,14.9.26 12:00,Box_Experiment_Run_166,33,SN010011,0
14.9.26 12:00,15.9.26 12:00,Box_Experiment_Run_167,33,SN010010,30
14.9.26 12:00,15.9.26 12:00,Box_Experiment_Run_167,33,SN010011,0
15.9.26 12:00,16.9.26 12:00,Box_Experiment_Run_168,33,SN010010,60
15.9.26 12:00,16.9.26 12:00,Box_Experiment_Run_168,33,SN010011,0
16.9.26 12:00,17.9.26 12:00,Box_Experiment_Run_169,33,SN010010,90
16.9.26 12:00,17.9.26 12:00,Box_Experiment_Run_169,33,SN010011,0
17.9.26 12:00,18.9.26 12:00,Box_Experiment_Run_170,33,SN010010,120
17.9.26 12:00,18.9.26 12:00,Box_Experiment_Run_170,33,SN010011,0
18.9.26 12:00,19.9.26 12:00,Box_Experiment_Run_171,34,SN010010,0
18.9.26 12:00,19.9.26 12:00,Box_Experiment_Run_171,34,SN010011,0
19.9.26 12:00,20.9.26 12:00,Box_Experiment_Run_172,34,SN010010,0
19.9.26 12:00,20.9.26 12:00,Box_Experiment_Run_172,34,SN010011,30
20.9.26 12:00,21.9.26 12:00,Box_Experiment_Run_173,34,SN010010,0
20.9.26 12:00,21.9.26 12:00,Box_Experiment_Run_173,34,SN010011,60
21.9.26 12:00,22.9.26 12:00,Box_Experiment_Run_174,34,SN010010,0
21.9.26 12:00,22.9.26 12:00,Box_Experiment_Run_174,34,SN010011,90
22.9.26 12:00,23.9.26 12:00,Box_Experiment_Run_175,34,SN010010,0
22.9.26 12:00,23.9.26 12:00,Box_Experiment_Run_175,34,SN010011,120
23.9.26 12:00,24.9.26 12:00,Box_Experiment_Run_176,35,SN010010,0
23.9.26 12:00,24.9.26 12:00,Box_Experiment_Run_176,35,SN010011,0
24.9.26 12:00,25.9.26 12:00,Box_Experiment_Run_177,35,SN010010,0
24.9.26 12:00,25.9.26 12:00,Box_Experiment_Run_177,35,SN010011,30
25.9.26 12:00,26.9.26 12:00,Box_Experiment_Run_178,35,SN010010,0
25.9.26 12:00,26.9.26 12:00,Box_Experiment_Run_178,35,SN010011,60
26.9.26 12:00,27.9.26 12:00,Box_Experiment_Run_179,35,SN010010,0
26.9.26 12:00,27.9.26 12:00,Box_Experiment_Run_179,35,SN010011,90
27.9.26 12:00,28.9.26 12:00,Box_Experiment_Run_180,35,SN010010,0
27.9.26 12:00,28.9.26 12:00,Box_Experiment_Run_180,35,SN010011,120
28.9.26 12:00,29.9.26 12:00,Box_Experiment_Run_181,36,SN010010,0
28.9.26 12:00,29.9.26 12:00,Box_Experiment_Run_181,36,SN010011,0
29.9.26 12:00,30.9.26 12:00,Box_Experiment_Run_182,36,SN010010,30
29.9.26 12:00,30.9.26 12:00,Box_Experiment_Run_182,36,SN010011,0
30.9.26 12:00,1.10.26 12:00,Box_Experiment_Run_183,36,SN010010,60
30.9.26 12:00,1.10.26 12:00,Box_Experiment_Run_183,36,SN010011,0
1.10.26 12:00,2.10.26 12:00,Box_Experiment_Run_184,36,SN010010,90
1.10.26 12:00,2.10.26 12:00,Box_Experiment_Run_184,36,SN010011,0
2.10.26 12:00,3.10.26 12:00,Box_Experiment_Run_185,36,SN010010,120
2.10.26 12:00,3.10.26 12:00,Box_Experiment_Run_185,36,SN010011,0
3.10.26 12:00,4.10.26 12:00,Box_Experiment_Run_186,37,SN010010,0
3.10.26 12:00,4.10.26 12:00,Box_Experiment_Run_186,37,SN010011,0
4.10.26 12:00,5.10.26 12:00,Box_Experiment_Run_187,37,SN010010,0
4.10.26 12:00,5.10.26 12:00,Box_Experiment_Run_187,37,SN010011,30
5.10.26 12:00,6.10.26 12:00,Box_Experiment_Run_188,37,SN010010,0
5.10.26 12:00,6.10.26 12:00,Box_Experiment_Run_188,37,SN010011,60
6.10.26 12:00,7.10.26 12:00,Box_Experiment_Run_189,37,SN010010,0
6.10.26 12:00,7.10.26 12:00,Box_Experiment_Run_189,37,SN010011,90
7.10.26 12:00,8.10.26 12:00,Box_Experiment_Run_190,37,SN010010,0
7.10.26 12:00,8.10.26 12:00,Box_Experiment_Run_190,37,SN010011,120
8.10.26 12:00,9.10.26 12:00,Box_Experiment_Run_191,38,SN010010,0
8.10.26 12:00,9.10.26 12:00,Box_Experiment_Run_191,38,SN010011,0
9.10.26 12:00,10.10.26 12:00,Box_Experiment_Run_192,38,SN010010,0
9.10.26 12:00,10.10.26 12:00,Box_Experiment_Run_192,38,SN010011,30
10.10.26 12:00,11.10.26 12:00,Box_Experiment_Run_193,38,SN010010,0
10.10.26 12:00,11.10.26 12:00,Box_Experiment_Run_193,38,SN010011,60
11.10.26 12:00,12.10.26 12:00,Box_Experiment_Run_194,38,SN010010,0
11.10.26 12:00,12.10.26 12:00,Box_Experiment_Run_194,38,SN010011,90
12.10.26 12:00,13.10.26 12:00,Box_Experiment_Run_195,38,SN010010,0
12.10.26 12:00,13.10.26 12:00,Box_Experiment_Run_195,38,SN010011,120
13.10.26 12:00,14.10.26 12:00,Box_Experiment_Run_196,39,SN010010,0
13.10.26 12:00,14.10.26 12:00,Box_Experiment_Run_196,39,SN010011,0
14.10.26 12:00,15.10.26 12:00,Box_Experiment_Run_197,39,SN010010,30
14.10.26 12:00,15.10.26 12:00,Box_Experiment_Run_197,39,SN010011,0
15.10.26 12:00,16.10.26 12:00,Box_Experiment_Run_198,39,SN010010,60
15.10.26 12:00,16.10.26 12:00,Box_Experiment_Run_198,39,SN010011,0
16.10.26 12:00,17.10.26 12:00,Box_Experiment_Run_199,39,SN010010,90
16.10.26 12:00,17.10.26 12:00,Box_Experiment_Run_199,39,SN010011,0
17.10.26 12:00,18.10.26 12:00,Box_Experiment_Run_200,39,SN010010,120
17.10.26 12:00,18.10.26 12:00,Box_Experiment_Run_200,39,SN010011,0
18.10.26 12:00,19.10.26 12:00,Box_Experiment_Run_201,40,SN010010,0
18.10.26 12:00,19.10.26 12:00,Box_Experiment_Run_201,40,SN010011,0
19.10.26 12:00,20.10.26 12:00,Box_Experiment_Run_202,40,SN010010,0
19.10.26 12:00,20.10.26 12:00,Box_Experiment_Run_202,40,SN010011,30
20.10.26 12:00,21.10.26 12:00,Box_Experiment_Run_203,40,SN010010,0
20.10.26 12:00,21.10.26 12:00,Box_Experiment_Run_203,40,SN010011,60
21.10.26 12:00,22.10.26 12:00,Box_Experiment_Run_204,40,SN010010,0
21.10.26 12:00,22.10.26 12:00,Box_Experiment_Run_204,40,SN010011,90
22.10.26 12:00,23.10.26 12:00,Box_Experiment_Run_205,40,SN010010,0
22.10.26 12:00,23.10.26 12:00,Box_Experiment_Run_205,40,SN010011,120
23.10.26 12:00,24.10.26 12:00,Box_Experiment_Run_206,41,SN010010,0
23.10.26 12:00,24.10.26 12:00,Box_Experiment_Run_206,41,SN010011,0
24.10.26 12:00,25.10.26 12:00,Box_Experiment_Run_207,41,SN010010,0
24.10.26 12:00,25.10.26 12:00,Box_Experiment_Run_207,41,SN010011,30
25.10.26 12:00,26.10.26 12:00,Box_Experiment_Run_208,41,SN010010,0
25.10.26 12:00,26.10.26 12:00,Box_Experiment_Run_208,41,SN010011,60
26.10.26 12:00,27.10.26 12:00,Box_Experiment_Run_209,41,SN010010,0
26.10.26 12:00,27.10.26 12:00,Box_Experiment_Run_209,41,SN010011,90
27.10.26 12:00,28.10.26 12:00,Box_Experiment_Run_210,41,SN010010,0
27.10.26 12:00,28.10.26 12:00,Box_Experiment_Run_210,41,SN010011,120
28.10.26 12:00,29.10.26 12:00,Box_Experiment_Run_211,42,SN010010,0
28.10.26 12:00,29.10.26 12:00,Box_Experiment_Run_211,42,SN010011,0
29.10.26 12:00,30.10.26 12:00,Box_Experiment_Run_212,42,SN010010,30
29.10.26 12:00,30.10.26 12:00,Box_Experiment_Run_212,42,SN010011,0
30.10.26 12:00,31.10.26 12:00,Box_Experiment_Run_213,42,SN010010,60
30.10.26 12:00,31.10.26 12:00,Box_Experiment_Run_213,42,SN010011,0
31.10.26 12:00,1.11.26 12:00,Box_Experiment_Run_214,42,SN010010,90
31.10.26 12:00,1.11.26 12:00,Box_Experiment_Run_214,42,SN010011,0
1.11.26 12:00,2.11.26 12:00,Box_Experiment_Run_215,42,SN010010,120
1.11.26 12:00,2.11.26 12:00,Box_Experiment_Run_215,42,SN010011,0
2.11.26 12:00,3.11.26 12:00,Box_Experiment_Run_216,43,SN010010,0
2.11.26 12:00,3.11.26 12:00,Box_Experiment_Run_216,43,SN010011,0
3.11.26 12:00,4.11.26 12:00,Box_Experiment_Run_217,43,SN010010,0
3.11.26 12:00,4.11.26 12:00,Box_Experiment_Run_217,43,SN010011,30
4.11.26 12:00,5.11.26 12:00,Box_Experiment_Run_218,43,SN010010,0
4.11.26 12:00,5.11.26 12:00,Box_Experiment_Run_218,43,SN010011,60
5.11.26 12:00,6.11.26 12:00,Box_Experiment_Run_219,43,SN010010,0
5.11.26 12:00,6.11.26 12:00,Box_Experiment_Run_219,43,SN010011,90
6.11.26 12:00,7.11.26 12:00,Box_Experiment_Run_220,43,SN010010,0
6.11.26 12:00,7.11.26 12:00,Box_Experiment_Run_220,43,SN010011,120
7.11.26 12:00,8.11.26 12:00,Box_Experiment_Run_221,44,SN010010,0
7.11.26 12:00,8.11.26 12:00,Box_Experiment_Run_221,44,SN010011,0
8.11.26 12:00,9.11.26 12:00,Box_Experiment_Run_222,44,SN010010,0
8.11.26 12:00,9.11.26 12:00,Box_Experiment_Run_222,44,SN010011,30
9.11.26 12:00,10.11.26 12:00,Box_Experiment_Run_223,44,SN010010,0
9.11.26 12:00,10.11.26 12:00,Box_Experiment_Run_223,44,SN010011,60
10.11.26 12:00,11.11.26 12:00,Box_Experiment_Run_224,44,SN010010,0
10.11.26 12:00,11.11.26 12:00,Box_Experiment_Run_224,44,SN010011,90
11.11.26 12:00,12.11.26 12:00,Box_Experiment_Run_225,44,SN010010,0
11.11.26 12:00,12.11.26 12:00,Box_Experiment_Run_225,44,SN010011,120
12.11.26 12:00,13.11.26 12:00,Box_Experiment_Run_226,45,SN010010,0
12.11.26 12:00,13.11.26 12:00,Box_Experiment_Run_226,45,SN010011,0
13.11.26 12:00,14.11.26 12:00,Box_Experiment_Run_227,45,SN010010,30
13.11.26 12:00,14.11.26 12:00,Box_Experiment_Run_227,45,SN010011,0
14.11.26 12:00,15.11.26 12:00,Box_Experiment_Run_228,45,SN010010,60
14.11.26 12:00,15.11.26 12:00,Box_Experiment_Run_228,45,SN010011,0
15.11.26 12:00,16.11.26 12:00,Box_Experiment_Run_229,45,SN010010,90
15.11.26 12:00,16.11.26 12:00,Box_Experiment_Run_229,45,SN010011,0
16.11.26 12:00,17.11.26 12:00,Box_Experiment_Run_230,45,SN010010,120
16.11.26 12:00,17.11.26 12:00,Box_Experiment_Run_230,45,SN010011,0
17.11.26 12:00,18.11.26 12:00,Box_Experiment_Run_231,46,SN010010,0
17.11.26 12:00,18.11.26 12:00,Box_Experiment_Run_231,46,SN010011,0
18.11.26 12:00,19.11.26 12:00,Box_Experiment_Run_232,46,SN010010,0
18.11.26 12:00,19.11.26 12:00,Box_Experiment_Run_232,46,SN010011,30
19.11.26 12:00,20.11.26 12:00,Box_Experiment_Run_233,46,SN010010,0
19.11.26 12:00,20.11.26 12:00,Box_Experiment_Run_233,46,SN010011,60
20.11.26 12:00,21.11.26 12:00,Box_Experiment_Run_234,46,SN010010,0
20.11.26 12:00,21.11.26 12:00,Box_Experiment_Run_234,46,SN010011,90
21.11.26 12:00,22.11.26 12:00,Box_Experiment_Run_235,46,SN010010,0
21.11.26 12:00,22.11.26 12:00,Box_Experiment_Run_235,46,SN010011,120
22.11.26 12:00,23.11.26 12:00,Box_Experiment_Run_236,47,SN010010,0
22.11.26 12:00,23.11.26 12:00,Box_Experiment_Run_236,47,SN010011,0
23.11.26 12:00,24.11.26 12:00,Box_Experiment_Run_237,47,SN010010,0
23.11.26 12:00,24.11.26 12:00,Box_Experiment_Run_237,47,SN010011,30
24.11.26 12:00,25.11.26 12:00,Box_Experiment_Run_238,47,SN010010,0
24.11.26 12:00,25.11.26 12:00,Box_Experiment_Run_238,47,SN010011,60
25.11.26 12:00,26.11.26 12:00,Box_Experiment_Run_239,47,SN010010,0
25.11.26 12:00,26.11.26 12:00,Box_Experiment_Run_239,47,SN010011,90
26.11.26 12:00,27.11.26 12:00,Box_Experiment_Run_240,47,SN010010,0
26.11.26 12:00,27.11.26 12:00,Box_Experiment_Run_240,47,SN010011,120
27.11.26 12:00,28.11.26 12:00,Box_Experiment_Run_241,48,SN010010,0
27.11.26 12:00,28.11.26 12:00,Box_Experiment_Run_241,48,SN010011,0
28.11.26 12:00,29.11.26 12:00,Box_Experiment_Run_242,48,SN010010,30
28.11.26 12:00,29.11.26 12:00,Box_Experiment_Run_242,48,SN010011,0
29.11.26 12:00,30.11.26 12:00,Box_Experiment_Run_243,48,SN010010,60
29.11.26 12:00,30.11.26 12:00,Box_Experiment_Run_243,48,SN010011,0
30.11.26 12:00,1.12.26 12:00,Box_Experiment_Run_244,48,SN010010,90
30.11.26 12:00,1.12.26 12:00,Box_Experiment_Run_244,48,SN010011,0
1.12.26 12:00,2.12.26 12:00,Box_Experiment_Run_245,48,SN010010,120
1.12.26 12:00,2.12.26 12:00,Box_Experiment_Run_245,48,SN010011,0
2.12.26 12:00,3.12.26 12:00,Box_Experiment_Run_246,49,SN010010,0
2.12.26 12:00,3.12.26 12:00,Box_Experiment_Run_246,49,SN010011,0
3.12.26 12:00,4.12.26 12:00,Box_Experiment_Run_247,49,SN010010,0
3.12.26 12:00,4.12.26 12:00,Box_Experiment_Run_247,49,SN010011,30
4.12.26 12:00,5.12.26 12:00,Box_Experiment_Run_248,49,SN010010,0
4.12.26 12:00,5.12.26 12:00,Box_Experiment_Run_248,49,SN010011,60
5.12.26 12:00,6.12.26 12:00,Box_Experiment_Run_249,49,SN010010,0
5.12.26 12:00,6.12.26 12:00,Box_Experiment_Run_249,49,SN010011,90
6.12.26 12:00,7.12.26 12:00,Box_Experiment_Run_250,49,SN010010,0
6.12.26 12:00,7.12.26 12:00,Box_Experiment_Run_250,49,SN010011,120
7.12.26 12:00,8.12.26 12:00,Box_Experiment_Run_251,50,SN010010,0
7.12.26 12:00,8.12.26 12:00,Box_Experiment_Run_251,50,SN010011,0
8.12.26 12:00,9.12.26 12:00,Box_Experiment_Run_252,50,SN010010,0
8.12.26 12:00,9.12.26 12:00,Box_Experiment_Run_252,50,SN010011,30
9.12.26 12:00,10.12.26 12:00,Box_Experiment_Run_253,50,SN010010,0
9.12.26 12:00,10.12.26 12:00,Box_Experiment_Run_253,50,SN010011,60
10.12.26 12:00,11.12.26 12:00,Box_Experiment_Run_254,50,SN010010,0
10.12.26 12:00,11.12.26 12:00,Box_Experiment_Run_254,50,SN010011,90
11.12.26 12:00,12.12.26 12:00,Box_Experiment_Run_255,50,SN010010,0
11.12.26 12:00,12.12.26 12:00,Box_Experiment_Run_255,50,SN010011,120
12.12.26 12:00,13.12.26 12:00,Box_Experiment_Run_256,51,SN010010,0
12.12.26 12:00,13.12.26 12:00,Box_Experiment_Run_256,51,SN010011,0
13.12.26 12:00,14.12.26 12:00,Box_Experiment_Run_257,51,SN010010,30
13.12.26 12:00,14.12.26 12:00,Box_Experiment_Run_257,51,SN010011,0
14.12.26 12:00,15.12.26 12:00,Box_Experiment_Run_258,51,SN010010,60
14.12.26 12:00,15.12.26 12:00,Box_Experiment_Run_258,51,SN010011,0
15.12.26 12:00,16.12.26 12:00,Box_Experiment_Run_259,51,SN010010,90
15.12.26 12:00,16.12.26 12:00,Box_Experiment_Run_259,51,SN010011,0
16.12.26 12:00,17.12.26 12:00,Box_Experiment_Run_260,51,SN010010,120
16.12.26 12:00,17.12.26 12:00,Box_Experiment_Run_260,51,SN010011,0
17.12.26 12:00,18.12.26 12:00,Box_Experiment_Run_261,52,SN010010,0
17.12.26 12:00,18.12.26 12:00,Box_Experiment_Run_261,52,SN010011,0
18.12.26 12:00,19.12.26 12:00,Box_Experiment_Run_262,52,SN010010,0
18.12.26 12:00,19.12.26 12:00,Box_Experiment_Run_262,52,SN010011,30
19.12.26 12:00,20.12.26 12:00,Box_Experiment_Run_263,52,SN010010,0
19.12.26 12:00,20.12.26 12:00,Box_Experiment_Run_263,52,SN010011,60
20.12.26 12:00,21.12.26 12:00,Box_Experiment_Run_264,52,SN010010,0
20.12.26 12:00,21.12.26 12:00,Box_Experiment_Run_264,52,SN010011,90
21.12.26 12:00,22.12.26 12:00,Box_Experiment_Run_265,52,SN010010,0
21.12.26 12:00,22.12.26 12:00,Box_Experiment_Run_265,52,SN010011,120
22.12.26 12:00,23.12.26 12:00,Box_Experiment_Run_266,53,SN010010,0
22.12.26 12:00,23.12.26 12:00,Box_Experiment_Run_266,53,SN010011,0
23.12.26 12:00,24.12.26 12:00,Box_Experiment_Run_267,53,SN010010,0
23.12.26 12:00,24.12.26 12:00,Box_Experiment_Run_267,53,SN010011,30
24.12.26 12:00,25.12.26 12:00,Box_Experiment_Run_268,53,SN010010,0
24.12.26 12:00,25.12.26 12:00,Box_Experiment_Run_268,53,SN010011,60
25.12.26 12:00,26.12.26 12:00,Box_Experiment_Run_269,53,SN010010,0
25.12.26 12:00,26.12.26 12:00,Box_Experiment_Run_269,53,SN010011,90
26.12.26 12:00,27.12.26 12:00,Box_Experiment_Run_270,53,SN010010,0
26.12.26 12:00,27.12.26 12:00,Box_Experiment_Run_270,53,SN010011,120