#Software:	X.Y.Z vom 20AA-BB-CC
#Machine ID:	SN000000
#ARNI-Generation:	ARNI_Gen_X
#Kamera:	AV__Alvium_1800_U-2050
#Sensor:	imx183
#Auflösung:	5496 x 3672
#Schirmgröße:	360 mm x 240 mm
#Abstand:	680 mm
#Effektive Auflösung:	16 px/mm
#Stromversorgung:	Solar
#Experiment Parameter:
#UTC Time:	2026-08-21 20:48:26
#Longitude:	12.34567890
#Latitude:	45.67891011
#Sonnenuntergang:	2026-08-21 20:37:40
#Sonnenaufgang:	2026-08-22 06:11:54
#Mondaufgang:	2026-08-21 16:24:18
#Monduntergang:	2026-08-21 22:18:12
#Mondphase:	66.14
#Maximale Kulminationshöhe:	6.9
#Beginn Monitoring:	20:47:40
#Ende Monitoring:	05:11:54
#Aufnahme Intervall:	2 min
********************
#Starting new Programme
#Local Time:	20:48:26
code	time_read	LUX	Temp_in	Inner_Sensor	bus_voltage	shunt_voltage	current	power	Power_Sensor	Temp_out	air_pressure	air_humidity	Environment_Sensor	Status_Kamera	Exposure	Gain	Brightness	Status_Visible_LED	Power_Visible_LED	LepiLED	Gamma_Corr_value
Lepmon#SN000000_XX_YYY_2026-08-21_T_2047	20:47:32	8.33	32.75	1	11.67	1.22	235.90	2.77	1	11.33	1011.63	87.58	1	1	170	6.0	206.0	1	4.37	active	0.65
Lepmon#SN000000_XX_YYY_2026-08-21_T_2049	20:49:01	7.08	32.88	1	11.67	1.23	237.43	2.80	1	11.24	1011.59	87.95	1	1	165	6.0	198.0	1	4.37	active	0.65
Lepmon#SN000000_XX_YYY_2026-08-21_T_2051	20:51:01	5.42	32.88	1	11.67	1.25	241.70	2.85	1	11.11	1011.62	88.43	1	1	160	6.0	188.0	1	4.38	active	0.65
Lepmon#SN000000_XX_YYY_2026-08-21_T_2053	20:53:01	3.75	32.88	1	11.67	1.27	244.14	2.88	1	10.98	1011.59	88.68	1	1	160	6.0	179.0	1	4.39	active	0.65
Lepmon#SN000000_XX_YYY_2026-08-21_T_2055	20:55:02	2.92	32.88	1	11.67	1.28	245.97	2.90	1	10.86	1011.60	88.75	1	1	160	6.0	175.0	1	4.38	active	0.65
Lepmon#SN000000_XX_YYY_2026-08-21_T_2057	20:57:02	2.08	33.00	1	11.67	1.28	246.89	2.90	1	10.75	1011.61	89.06	1	1	160	6.0	172.0	1	4.37	active	0.65
Lepmon#SN000000_XX_YYY_2026-08-21_T_2059	20:59:01	1.25	32.75	1	11.67	1.29	249.33	2.94	1	10.63	1011.60	89.15	1	1	165	6.0	170.0	1	4.36	active	0.65
Lepmon#SN000000_XX_YYY_2026-08-21_T_2101	21:01:01	0.83	32.75	1	11.67	1.29	249.94	2.94	1	10.54	1011.60	89.41	1	1	165	6.0	172.0	1	4.36	active	0.65
Lepmon#SN000000_XX_YYY_2026-08-21_T_2103	21:03:01	0.42	33.00	1	11.66	1.30	250.85	2.95	1	10.41	1011.62	89.57	1	1	165	6.0	170.0	1	4.39	active	0.65
Lepmon#SN000000_XX_YYY_2026-08-21_T_2105	21:05:01	0.00	32.62	1	11.67	1.31	252.69	2.98	1	10.30	1011.65	89.75	1	1	170	6.0	169.0	1	4.36	active	0.65
Lepmon#SN000000_XX_YYY_2026-08-21_T_2107	21:07:01	0.00	32.88	1	11.66	1.31	252.69	2.98	1	10.21	1011.65	90.14	1	1	170	6.0	172.0	1	4.36	active	0.65
Lepmon#SN000000_XX_YYY_2026-08-21_T_2109	21:09:02	0.00	32.75	1	11.66	1.31	253.60	2.98	1	10.10	1011.71	90.26	1	1	175	6.0	165.0	1	4.39	active	0.65
Lepmon#SN000000_XX_YYY_2026-08-21_T_2111	21:11:01	0.00	32.62	1	11.67	1.32	255.13	3.00	1	10.01	1011.70	90.54	1	1	175	6.0	174.0	1	4.37	active	0.65
Lepmon#SN000000_XX_YYY_2026-08-21_T_2113	21:13:01	0.00	32.50	1	11.67	1.32	255.74	3.01	1	9.93	1011.71	90.79	1	1	175	6.0	173.0	1	4.36	active	0.65
Lepmon#SN000000_XX_YYY_2026-08-21_T_2115	21:15:02	0.00	32.50	1	11.67	1.33	256.04	3.01	1	9.83	1011.75	90.94	1	1	175	6.0	173.0	1	4.37	active	0.65
Lepmon#SN000000_XX_YYY_2026-08-21_T_2117	21:17:01	0.00	32.38	1	11.67	1.33	256.96	3.02	1	9.73	1011.72	91.19	1	1	175	6.0	173.0	1	4.38	active	0.65
Lepmon#SN000000_XX_YYY_2026-08-21_T_2119	21:19:01	0.00	32.38	1	11.67	1.33	257.57	3.02	1	9.64	1011.73	91.47	1	1	175	6.0	173.0	1	4.39	active	0.65
Lepmon#SN000000_XX_YYY_2026-08-21_T_2121	21:21:01	0.00	32.25	1	11.66	1.33	256.96	3.02	1	9.58	1011.75	91.65	1	1	175	6.0	173.0	1	4.39	active	0.65
Lepmon#SN000000_XX_YYY_2026-08-21_T_2123	21:23:02	0.00	32.25	1	11.66	1.34	257.57	3.02	1	9.50	1011.71	91.94	1	1	175	6.0	172.0	1	4.40	active	0.65
Lepmon#SN000000_XX_YYY_2026-08-21_T_2125	21:25:01	0.00	32.00	1	11.67	1.34	259.09	3.05	1	9.45	1011.77	92.00	1	1	175	6.0	172.0	1	4.38	active	0.65
Lepmon#SN000000_XX_YYY_2026-08-21_T_2127	21:27:01	0.00	32.00	1	11.67	1.34	259.09	3.05	1	9.39	1011.74	92.41	1	1	175	6.0	172.0	1	4.38	active	0.65
Lepmon#SN000000_XX_YYY_2026-08-21_T_2129	21:29:01	0.00	31.75	1	11.67	1.34	259.09	3.05	1	9.33	1011.71	92.71	1	1	175	6.0	172.0	1	4.38	active	0.65
Lepmon#SN000000_XX_YYY_2026-08-21_T_2132	21:32:46	0.00	31.62	1	11.67	1.34	259.09	3.05	1	9.24	1011.65	92.88	1	1	175	6.0	172.0	1	4.38	active	0.65
Lepmon#SN000000_XX_YYY_2026-08-21_T_2134	21:34:01	0.00	31.75	1	11.67	1.34	258.48	3.04	1	9.21	1011.68	93.04	1	1	175	6.0	172.0	1	4.36	active	0.65
Lepmon#SN000000_XX_YYY_2026-08-21_T_2136	21:36:01	0.00	31.50	1	11.66	1.34	258.48	3.04	1	9.15	1011.63	93.02	1	1	175	6.0	172.0	1	4.37	active	0.65
Lepmon#SN000000_XX_YYY_2026-08-21_T_2138	21:38:01	0.00	31.88	1	11.67	1.34	259.40	3.05	1	9.09	1011.59	93.16	1	1	175	6.0	172.0	1	4.37	active	0.65
Lepmon#SN000000_XX_YYY_2026-08-21_T_2140	21:40:01	0.00	31.62	1	11.67	1.34	259.40	3.05	1	9.05	1011.59	93.33	1	1	175	6.0	172.0	1	4.39	active	0.65
Lepmon#SN000000_XX_YYY_2026-08-21_T_2142	21:42:01	0.00	31.75	1	11.66	1.34	259.09	3.05	1	8.97	1011.57	93.49	1	1	175	6.0	172.0	1	4.36	active	0.65
Lepmon#SN000000_XX_YYY_2026-08-21_T_2144	21:44:01	0.00	31.38	1	11.67	1.34	259.40	3.05	1	8.91	1011.56	93.47	1	1	175	6.0	172.0	1	4.37	active	0.65
Lepmon#SN000000_XX_YYY_2026-08-21_T_2146	21:46:01	0.00	31.50	1	11.67	1.34	259.40	3.05	1	8.86	1011.66	93.66	1	1	175	6.0	172.0	1	4.37	active	0.65
Lepmon#SN000000_XX_YYY_2026-08-21_T_2148	21:48:01	0.00	31.38	1	11.66	1.34	258.48	3.04	1	8.82	1011.71	93.80	1	1	175	6.0	172.0	1	4.37	active	0.65
Lepmon#SN000000_XX_YYY_2026-08-21_T_2150	21:50:01	0.00	31.38	1	11.67	1.34	259.09	3.05	1	8.79	1011.71	93.99	1	1	175	6.0	172.0	1	4.39	active	0.65
Lepmon#SN000000_XX_YYY_2026-08-21_T_2152	21:52:01	0.00	31.25	1	11.67	1.34	258.48	3.04	1	8.76	1011.72	94.15	1	1	175	6.0	172.0	1	4.40	active	0.65
Lepmon#SN000000_XX_YYY_2026-08-21_T_2154	21:54:01	0.00	31.25	1	11.67	1.34	258.48	3.04	1	8.78	1011.74	94.43	1	1	175	6.0	172.0	1	4.39	active	0.65
Lepmon#SN000000_XX_YYY_2026-08-21_T_2156	21:56:01	0.00	31.12	1	11.67	1.34	258.48	3.04	1	8.78	1011.78	94.57	1	1	175	6.0	172.0	1	4.38	active	0.65
Lepmon#SN000000_XX_YYY_2026-08-21_T_2158	21:58:01	0.00	31.25	1	11.67	1.34	259.09	3.05	1	8.76	1011.82	94.56	1	1	175	6.0	172.0	1	4.37	active	0.65
Lepmon#SN000000_XX_YYY_2026-08-21_T_2200	22:00:01	0.00	31.00	1	11.66	1.34	258.18	3.04	1	8.72	1011.86	94.55	1	1	175	6.0	172.0	1	4.37	active	0.65
Lepmon#SN000000_XX_YYY_2026-08-21_T_2202	22:02:43	0.00	30.88	1	11.66	1.33	257.57	3.02	1	8.64	1011.87	94.67	1	1	175	6.0	172.0	1	4.40	active	0.65
Lepmon#SN000000_XX_YYY_2026-08-21_T_2204	22:04:02	0.00	30.88	1	11.66	1.34	258.48	3.04	1	8.61	1011.84	94.80	1	1	175	6.0	172.0	1	4.37	active	0.65
Lepmon#SN000000_XX_YYY_2026-08-21_T_2206	22:06:01	0.00	31.00	1	11.66	1.34	258.48	3.04	1	8.58	1011.93	94.86	1	1	175	6.0	172.0	1	4.38	active	0.65
Lepmon#SN000000_XX_YYY_2026-08-21_T_2208	22:08:01	0.00	31.12	1	11.67	1.34	259.40	3.05	1	8.52	1011.90	94.99	1	1	175	6.0	171.0	1	4.36	active	0.65
Lepmon#SN000000_XX_YYY_2026-08-21_T_2210	22:10:01	0.00	30.88	1	11.66	1.34	258.48	3.04	1	8.47	1011.94	95.11	1	1	175	6.0	172.0	1	4.37	active	0.65
Lepmon#SN000000_XX_YYY_2026-08-21_T_2212	22:12:01	0.00	31.00	1	11.67	1.34	259.40	3.05	1	8.43	1011.94	95.24	1	1	175	6.0	172.0	1	4.37	active	0.65
Lepmon#SN000000_XX_YYY_2026-08-21_T_2214	22:14:01	0.00	30.75	1	11.66	1.34	258.48	3.04	1	8.40	1012.01	95.52	1	1	175	6.0	172.0	1	4.36	active	0.65
Lepmon#SN000000_XX_YYY_2026-08-21_T_2216	22:16:01	0.00	30.62	1	11.67	1.34	259.40	3.05	1	8.39	1012.04	95.60	1	1	175	6.0	172.0	1	4.37	active	0.65
Lepmon#SN000000_XX_YYY_2026-08-21_T_2218	22:18:01	0.00	30.62	1	11.67	1.34	259.40	3.05	1	8.33	1012.10	95.62	1	1	175	6.0	171.0	1	4.37	active	0.65
Lepmon#SN000000_XX_YYY_2026-08-21_T_2220	22:20:01	0.00	30.62	1	11.66	1.34	259.09	3.05	1	8.27	1012.07	95.73	1	1	175	6.0	172.0	1	4.37	active	0.65
Lepmon#SN000000_XX_YYY_2026-08-21_T_2222	22:22:01	0.00	30.62	1	11.66	1.34	258.18	3.04	1	8.22	1012.05	95.80	1	1	175	6.0	172.0	1	4.38	active	0.65
Lepmon#SN000000_XX_YYY_2026-08-21_T_2224	22:24:01	0.00	30.62	1	11.66	1.34	258.18	3.04	1	8.16	1012.04	95.87	1	1	175	6.0	172.0	1	4.37	active	0.65
Lepmon#SN000000_XX_YYY_2026-08-21_T_2226	22:26:01	0.00	30.62	1	11.66	1.34	256.96	3.04	1	8.14	1012.00	96.00	1	1	175	6.0	172.0	1	4.39	active	0.65
Lepmon#SN000000_XX_YYY_2026-08-21_T_2228	22:28:01	0.00	30.62	1	11.66	1.34	259.09	3.05	1	8.11	1012.04	96.21	1	1	175	6.0	172.0	1	4.37	active	0.65
Lepmon#SN000000_XX_YYY_2026-08-21_T_2230	22:30:01	0.00	30.38	1	11.66	1.34	259.09	3.05	1	8.07	1012.06	96.41	1	1	175	6.0	172.0	1	4.38	active	0.65
Lepmon#SN000000_XX_YYY_2026-08-21_T_2232	22:32:01	0.00	30.38	1	11.66	1.34	258.48	3.04	1	8.04	1012.06	96.35	1	1	175	6.0	172.0	1	4.38	active	0.65
Lepmon#SN000000_XX_YYY_2026-08-21_T_2234	22:34:01	0.00	30.38	1	11.66	1.33	257.57	3.02	1	7.99	1012.08	96.55	1	1	175	6.0	172.0	1	4.38	active	0.65
Lepmon#SN000000_XX_YYY_2026-08-21_T_2236	22:36:01	0.00	30.38	1	11.67	1.34	259.09	3.05	1	7.97	1012.06	96.58	1	1	175	6.0	172.0	1	4.37	active	0.65
Lepmon#SN000000_XX_YYY_2026-08-21_T_2238	22:38:01	0.00	30.25	1	11.66	1.34	259.09	3.05	1	7.93	1012.00	96.59	1	1	175	6.0	172.0	1	4.40	active	0.65
Lepmon#SN000000_XX_YYY_2026-08-21_T_2240	22:40:01	0.00	30.12	1	11.67	1.34	259.09	3.05	1	7.91	1011.96	96.73	1	1	175	6.0	172.0	1	4.37	active	0.65
Lepmon#SN000000_XX_YYY_2026-08-21_T_2242	22:42:01	0.00	30.00	1	11.66	1.34	258.18	3.04	1	7.93	1012.05	96.79	1	1	175	6.0	172.0	1	4.37	active	0.65
Lepmon#SN000000_XX_YYY_2026-08-21_T_2244	22:44:01	0.00	30.00	1	11.67	1.34	258.48	3.04	1	7.92	1012.08	96.76	1	1	175	6.0	172.0	1	4.38	active	0.65
Lepmon#SN000000_XX_YYY_2026-08-21_T_2246	22:46:01	0.00	29.88	1	11.66	1.33	257.57	3.02	1	7.93	1012.07	96.90	1	1	175	6.0	172.0	1	4.41	active	0.65
Lepmon#SN000000_XX_YYY_2026-08-21_T_2248	22:48:01	0.00	30.00	1	11.66	1.34	258.18	3.04	1	7.95	1012.11	97.01	1	1	175	6.0	172.0	1	4.39	active	0.65
Lepmon#SN000000_XX_YYY_2026-08-21_T_2250	22:50:01	0.00	30.00	1	11.67	1.34	258.18	3.04	1	7.94	1012.15	97.00	1	1	175	6.0	172.0	1	4.38	active	0.65
Lepmon#SN000000_XX_YYY_2026-08-21_T_2252	22:52:01	0.00	30.12	1	11.66	1.34	258.18	3.04	1	7.93	1012.19	97.03	1	1	175	6.0	172.0	1	4.39	active	0.65
Lepmon#SN000000_XX_YYY_2026-08-21_T_2254	22:54:01	0.00	30.12	1	11.66	1.33	257.57	3.02	1	7.93	1012.18	97.09	1	1	175	6.0	172.0	1	4.37	active	0.65
Lepmon#SN000000_XX_YYY_2026-08-21_T_2256	22:56:01	0.00	30.12	1	11.67	1.34	258.18	3.04	1	7.92	1012.18	97.10	1	1	175	6.0	171.0	1	4.38	active	0.65
Lepmon#SN000000_XX_YYY_2026-08-21_T_2258	22:58:01	0.00	30.00	1	11.67	1.33	256.96	3.02	1	7.86	1011.36	97.16	1	1	175	6.0	172.0	1	4.38	active	0.65
Lepmon#SN000000_XX_YYY_2026-08-21_T_2300	23:00:01	0.00	29.88	1	11.66	1.34	258.18	3.04	1	7.81	1012.17	97.26	1	1	175	6.0	172.0	1	4.39	active	0.65
Lepmon#SN000000_XX_YYY_2026-08-21_T_2302	23:02:01	0.00	29.75	1	11.66	1.34	258.18	3.04	1	7.76	1012.20	97.28	1	1	175	6.0	172.0	1	4.40	active	0.65
Lepmon#SN000000_XX_YYY_2026-08-21_T_2304	23:04:02	0.00	29.75	1	11.67	1.34	258.18	3.04	1	7.69	1012.15	97.42	1	1	175	6.0	172.0	1	4.38	active	0.65
Lepmon#SN000000_XX_YYY_2026-08-21_T_2306	23:06:02	0.00	29.75	1	11.66	1.33	256.96	3.02	1	7.63	1012.14	97.52	1	1	175	6.0	171.0	1	4.40	active	0.65
Lepmon#SN000000_XX_YYY_2026-08-21_T_2308	23:08:01	0.00	29.88	1	11.66	1.33	256.65	3.01	1	7.56	1012.15	97.59	1	1	175	6.0	172.0	1	4.40	active	0.65
Lepmon#SN000000_XX_YYY_2026-08-21_T_2310	23:10:01	0.00	29.75	1	11.67	1.33	257.57	3.02	1	7.51	1012.16	97.79	1	1	175	6.0	172.0	1	4.38	active	0.65
Lepmon#SN000000_XX_YYY_2026-08-21_T_2312	23:12:01	0.00	29.62	1	11.66	1.33	256.65	3.01	1	7.46	1012.17	97.94	1	1	175	6.0	172.0	1	4.39	active	0.65
Lepmon#SN000000_XX_YYY_2026-08-21_T_2314	23:14:01	0.00	29.62	1	11.67	1.33	256.96	3.02	1	7.41	1012.11	97.97	1	1	175	6.0	172.0	1	4.39	active	0.65
Lepmon#SN000000_XX_YYY_2026-08-21_T_2316	23:16:01	0.00	29.62	1	11.66	1.33	256.04	3.01	1	7.34	1012.11	98.09	1	1	175	6.0	172.0	1	4.39	active	0.65
Lepmon#SN000000_XX_YYY_2026-08-21_T_2318	23:18:01	0.00	29.50	1	11.67	1.33	256.65	3.02	1	7.26	1012.12	98.17	1	1	175	6.0	172.0	1	4.39	active	0.65
Lepmon#SN000000_XX_YYY_2026-08-21_T_2320	23:20:01	0.00	29.62	1	11.66	1.33	256.04	3.01	1	7.16	1012.14	98.21	1	1	175	6.0	172.0	1	4.40	active	0.65
Lepmon#SN000000_XX_YYY_2026-08-21_T_2322	23:22:01	0.00	29.62	1	11.67	1.33	256.65	3.02	1	7.09	1012.15	98.38	1	1	175	6.0	172.0	1	4.37	active	0.65
Lepmon#SN000000_XX_YYY_2026-08-21_T_2324	23:24:01	0.00	29.38	1	11.66	1.32	255.74	3.01	1	7.03	1012.14	98.49	1	1	175	6.0	171.0	1	4.39	active	0.65
Lepmon#SN000000_XX_YYY_2026-08-21_T_2326	23:26:01	0.00	29.25	1	11.67	1.33	256.04	3.01	1	6.97	1012.16	98.68	1	1	175	6.0	173.0	1	4.39	active	0.65
Lepmon#SN000000_XX_YYY_2026-08-21_T_2328	23:28:01	0.00	29.25	1	11.66	1.32	255.74	3.01	1	6.95	1012.15	98.78	1	1	175	6.0	172.0	1	4.37	active	0.65
Lepmon#SN000000_XX_YYY_2026-08-21_T_2330	23:30:01	0.00	29.25	1	11.66	1.32	255.74	3.01	1	6.90	1012.16	98.82	1	1	175	6.0	173.0	1	4.37	active	0.65
Lepmon#SN000000_XX_YYY_2026-08-21_T_2332	23:32:01	0.00	29.38	1	11.66	1.32	255.13	3.00	1	6.82	1012.16	98.85	1	1	175	6.0	173.0	1	4.39	active	0.65
Lepmon#SN000000_XX_YYY_2026-08-21_T_2334	23:34:02	0.00	29.00	1	11.66	1.32	254.21	2.98	1	6.75	1012.17	98.99	1	1	175	6.0	173.0	1	4.38	active	0.65
Lepmon#SN000000_XX_YYY_2026-08-21_T_2336	23:36:01	0.00	29.00	1	11.66	1.32	255.13	3.00	1	6.71	1012.20	99.13	1	1	175	6.0	171.0	1	4.37	active	0.65
Lepmon#SN000000_XX_YYY_2026-08-21_T_2338	23:38:01	0.00	29.25	1	11.67	1.32	255.74	3.01	1	6.65	1012.15	99.27	1	1	175	6.0	173.0	1	4.38	active	0.65
Lepmon#SN000000_XX_YYY_2026-08-21_T_2340	23:40:01	0.00	29.25	1	11.66	1.32	255.13	3.00	1	6.65	1012.19	99.51	1	1	175	6.0	172.0	1	4.40	active	0.65
Lepmon#SN000000_XX_YYY_2026-08-21_T_2342	23:42:01	0.00	28.88	1	11.67	1.32	255.13	3.00	1	6.67	1012.20	99.64	1	1	175	6.0	173.0	1	4.37	active	0.65
Lepmon#SN000000_XX_YYY_2026-08-21_T_2344	23:44:01	0.00	29.00	1	11.66	1.32	255.13	3.00	1	6.68	1012.18	99.63	1	1	175	6.0	172.0	1	4.37	active	0.65
Lepmon#SN000000_XX_YYY_2026-08-21_T_2346	23:46:01	0.00	29.00	1	11.67	1.32	255.13	3.00	1	6.64	1012.16	99.60	1	1	175	6.0	172.0	1	4.40	active	0.65
Lepmon#SN000000_XX_YYY_2026-08-21_T_2348	23:48:01	0.00	29.12	1	11.67	1.32	254.82	3.00	1	6.61	1012.20	99.58	1	1	175	6.0	173.0	1	4.38	active	0.65
Lepmon#SN000000_XX_YYY_2026-08-21_T_2350	23:50:01	0.00	28.75	1	11.66	1.31	253.30	2.98	1	6.60	1012.18	99.63	1	1	175	6.0	172.0	1	4.38	active	0.65
Lepmon#SN000000_XX_YYY_2026-08-21_T_2352	23:52:01	0.00	28.88	1	11.66	1.31	253.60	2.98	1	6.55	1012.18	99.59	1	1	175	6.0	172.0	1	4.38	active	0.65
Lepmon#SN000000_XX_YYY_2026-08-21_T_2354	23:54:01	0.00	29.00	1	11.67	1.32	254.82	3.00	1	6.49	1012.17	99.66	1	1	175	6.0	172.0	1	4.37	active	0.65
Lepmon#SN000000_XX_YYY_2026-08-21_T_2356	23:56:02	0.00	28.75	1	11.67	1.32	254.82	3.00	1	6.45	1012.22	99.76	1	1	175	6.0	172.0	1	4.40	active	0.65
Lepmon#SN000000_XX_YYY_2026-08-21_T_2358	23:58:01	0.00	28.62	1	11.67	1.32	254.21	3.00	1	6.45	1012.23	99.90	1	1	175	6.0	173.0	1	4.39	active	0.65
Lepmon#SN000000_XX_YYY_2026-08-22_T_0000	00:00:01	0.00	28.62	1	11.67	1.32	254.21	2.98	1	6.43	1012.25	99.97	1	1	175	6.0	172.0	1	4.40	active	0.65
Lepmon#SN000000_XX_YYY_2026-08-22_T_0002	00:02:01	0.00	28.50	1	11.67	1.32	254.21	2.98	1	6.40	1012.23	99.97	1	1	175	6.0	172.0	1	4.39	active	0.65
Lepmon#SN000000_XX_YYY_2026-08-22_T_0004	00:04:01	0.00	28.75	1	11.67	1.32	254.21	2.98	1	6.36	1012.19	100.00	1	1	180	6.0	134.0	1	4.39	active	0.65
Lepmon#SN000000_XX_YYY_2026-08-22_T_0006	00:06:01	0.00	28.38	1	11.67	1.32	253.60	2.98	1	6.31	1012.22	99.97	1	1	180	6.0	175.0	1	4.39	active	0.65
Lepmon#SN000000_XX_YYY_2026-08-22_T_0008	00:08:01	0.00	28.38	1	11.67	1.31	253.60	2.98	1	6.23	1012.20	99.92	1	1	180	6.0	175.0	1	4.40	active	0.65
Lepmon#SN000000_XX_YYY_2026-08-22_T_0010	00:10:02	0.00	28.50	1	11.66	1.31	253.30	2.98	1	6.12	1012.19	99.94	1	1	180	6.0	177.0	1	4.38	active	0.65
Lepmon#SN000000_XX_YYY_2026-08-22_T_0012	00:12:01	0.00	28.50	1	11.67	1.31	253.30	2.98	1	6.01	1012.23	100.00	1	1	180	6.0	176.0	1	4.38	active	0.65
Lepmon#SN000000_XX_YYY_2026-08-22_T_0014	00:14:01	0.00	28.38	1	11.66	1.31	252.69	2.98	1	5.92	1012.19	100.00	1	1	180	6.0	176.0	1	4.39	active	0.65
Lepmon#SN000000_XX_YYY_2026-08-22_T_0016	00:16:01	0.00	28.38	1	11.67	1.31	253.60	2.98	1	5.82	1012.21	100.00	1	1	180	6.0	176.0	1	4.39	active	0.65
Lepmon#SN000000_XX_YYY_2026-08-22_T_0018	00:18:01	0.00	28.12	1	11.67	1.31	253.30	2.98	1	5.71	1012.21	100.00	1	1	180	6.0	177.0	1	4.38	active	0.65
Lepmon#SN000000_XX_YYY_2026-08-22_T_0020	00:20:01	0.00	28.38	1	11.67	1.31	253.30	2.98	1	5.64	1012.22	100.00	1	1	180	6.0	177.0	1	4.38	active	0.65
Lepmon#SN000000_XX_YYY_2026-08-22_T_0022	00:22:01	0.00	28.12	1	11.67	1.31	252.69	2.98	1	5.58	1012.27	100.00	1	1	180	6.0	177.0	1	4.39	active	0.65
Lepmon#SN000000_XX_YYY_2026-08-22_T_0024	00:24:01	0.00	28.12	1	11.66	1.31	252.38	2.96	1	5.54	1012.25	100.00	1	1	180	6.0	177.0	1	4.41	active	0.65
Lepmon#SN000000_XX_YYY_2026-08-22_T_0026	00:26:01	0.00	28.25	1	11.67	1.31	253.30	2.98	1	5.53	1012.28	100.00	1	1	180	6.0	177.0	1	4.38	active	0.65
Lepmon#SN000000_XX_YYY_2026-08-22_T_0028	00:28:01	0.00	28.00	1	11.66	1.31	252.38	2.96	1	5.52	1012.21	100.00	1	1	180	6.0	177.0	1	4.39	active	0.65
Lepmon#SN000000_XX_YYY_2026-08-22_T_0030	00:30:02	0.00	28.12	1	11.66	1.30	251.77	2.96	1	5.53	1012.20	100.00	1	1	180	6.0	177.0	1	4.38	active	0.65
Lepmon#SN000000_XX_YYY_2026-08-22_T_0032	00:32:01	0.00	28.00	1	11.67	1.31	252.38	2.98	1	5.54	1012.20	100.00	1	1	180	6.0	176.0	1	4.39	active	0.65
Lepmon#SN000000_XX_YYY_2026-08-22_T_0034	00:34:01	0.00	27.50	1	11.66	1.30	251.77	2.96	1	5.57	1012.18	100.00	1	1	180	6.0	176.0	1	4.39	active	0.65
Lepmon#SN000000_XX_YYY_2026-08-22_T_0036	00:36:01	0.00	27.88	1	11.67	1.31	252.38	2.98	1	5.60	1012.21	100.00	1	1	180	6.0	177.0	1	4.36	active	0.65
Lepmon#SN000000_XX_YYY_2026-08-22_T_0038	00:38:01	0.00	27.88	1	11.67	1.31	252.38	2.98	1	5.62	1012.16	100.00	1	1	180	6.0	177.0	1	4.36	active	0.65
Lepmon#SN000000_XX_YYY_2026-08-22_T_0040	00:40:01	0.00	28.00	1	11.67	1.31	252.38	2.98	1	5.66	1012.15	100.00	1	1	180	6.0	177.0	1	4.36	active	0.65
Lepmon#SN000000_XX_YYY_2026-08-22_T_0042	00:42:01	0.00	27.88	1	11.66	1.30	251.77	2.96	1	5.68	1012.15	100.00	1	1	180	6.0	177.0	1	4.38	active	0.65
Lepmon#SN000000_XX_YYY_2026-08-22_T_0044	00:44:02	0.00	27.75	1	11.66	1.31	252.38	2.98	1	5.67	1011.12	100.00	1	1	180	6.0	177.0	1	4.38	active	0.65
Lepmon#SN000000_XX_YYY_2026-08-22_T_0046	00:46:01	0.00	27.75	1	11.66	1.30	251.16	2.95	1	5.63	1012.15	100.00	1	1	180	6.0	176.0	1	4.36	active	0.65
Lepmon#SN000000_XX_YYY_2026-08-22_T_0048	00:48:01	0.00	27.75	1	11.66	1.30	251.16	2.95	1	5.53	1012.10	100.00	1	1	185	6.0	157.0	1	4.39	active	0.65
Lepmon#SN000000_XX_YYY_2026-08-22_T_0050	00:50:01	0.00	27.75	1	11.67	1.31	252.38	2.98	1	5.41	1012.05	100.00	1	1	185	6.0	179.0	1	4.38	active	0.65
Lepmon#SN000000_XX_YYY_2026-08-22_T_0052	00:52:02	0.00	27.50	1	11.67	1.31	252.38	2.98	1	5.28	1012.06	100.00	1	1	185	6.0	180.0	1	4.40	active	0.65
Lepmon#SN000000_XX_YYY_2026-08-22_T_0054	00:54:01	0.00	27.50	1	11.67	1.30	251.77	2.96	1	5.17	1012.08	100.00	1	1	185	6.0	180.0	1	4.39	active	0.65
Lepmon#SN000000_XX_YYY_2026-08-22_T_0056	00:56:01	0.00	27.75	1	11.67	1.30	251.16	2.95	1	5.06	1012.10	100.00	1	1	185	6.0	179.0	1	4.39	active	0.65
Lepmon#SN000000_XX_YYY_2026-08-22_T_0058	00:58:01	0.00	27.50	1	11.67	1.30	250.85	2.95	1	4.97	1012.13	100.00	1	1	185	6.0	179.0	1	4.39	active	0.65
Lepmon#SN000000_XX_YYY_2026-08-22_T_0100	01:00:01	0.00	27.62	1	11.67	1.30	250.24	2.95	1	4.91	1012.10	100.00	1	1	185	6.0	180.0	1	4.39	active	0.65
Lepmon#SN000000_XX_YYY_2026-08-22_T_0102	01:02:01	0.00	27.62	1	11.67	1.30	250.24	2.95	1	4.79	1012.10	100.00	1	1	185	6.0	180.0	1	4.39	active	0.65
Lepmon#SN000000_XX_YYY_2026-08-22_T_0104	01:04:01	0.00	27.25	1	11.67	1.29	249.94	2.94	1	4.67	1012.09	100.00	1	1	185	6.0	179.0	1	4.40	active	0.65
Lepmon#SN000000_XX_YYY_2026-08-22_T_0106	01:06:02	0.00	27.25	1	11.67	1.29	249.94	2.94	1	4.58	1012.04	100.00	1	1	180	6.0	180.0	1	4.40	active	0.65
Lepmon#SN000000_XX_YYY_2026-08-22_T_0108	01:08:01	0.00	27.12	1	11.67	1.29	249.94	2.94	1	4.52	1012.01	100.00	1	1	180	6.0	177.0	1	4.40	active	0.65
Lepmon#SN000000_XX_YYY_2026-08-22_T_0110	01:10:02	0.00	26.88	1	11.66	1.29	249.02	2.92	1	4.44	1011.95	100.00	1	1	180	6.0	177.0	1	4.38	active	0.65
Lepmon#SN000000_XX_YYY_2026-08-22_T_0112	01:12:01	0.00	27.12	1	11.67	1.29	249.33	2.94	1	4.38	1011.97	100.00	1	1	180	6.0	177.0	1	4.38	active	0.65
Lepmon#SN000000_XX_YYY_2026-08-22_T_0114	01:14:01	0.00	27.00	1	11.66	1.28	247.80	2.91	1	4.30	1012.01	100.00	1	1	180	6.0	177.0	1	4.42	active	0.65
Lepmon#SN000000_XX_YYY_2026-08-22_T_0116	01:16:01	0.00	26.88	1	11.67	1.29	249.02	2.92	1	4.23	1012.08	100.00	1	1	180	6.0	177.0	1	4.40	active	0.65
Lepmon#SN000000_XX_YYY_2026-08-22_T_0118	01:18:02	0.00	26.75	1	11.67	1.29	248.41	2.92	1	4.14	1012.10	100.00	1	1	180	6.0	177.0	1	4.40	active	0.65
Lepmon#SN000000_XX_YYY_2026-08-22_T_0120	01:20:01	0.00	26.88	1	11.67	1.28	247.80	2.91	1	4.06	1012.12	100.00	1	1	180	6.0	177.0	1	4.41	active	0.65
Lepmon#SN000000_XX_YYY_2026-08-22_T_0122	01:22:01	0.00	26.62	1	11.67	1.28	247.80	2.91	1	4.01	1012.15	100.00	1	1	180	6.0	177.0	1	4.40	active	0.65
Lepmon#SN000000_XX_YYY_2026-08-22_T_0124	01:24:01	0.00	26.75	1	11.67	1.28	247.50	2.91	1	3.95	1012.15	100.00	1	1	180	6.0	177.0	1	4.40	active	0.65
Lepmon#SN000000_XX_YYY_2026-08-22_T_0126	01:26:01	0.00	26.75	1	11.66	1.28	245.97	2.88	1	3.88	1012.18	100.00	1	1	180	6.0	177.0	1	4.40	active	0.65
Lepmon#SN000000_XX_YYY_2026-08-22_T_0128	01:28:01	0.00	26.62	1	11.67	1.28	246.89	2.90	1	3.79	1012.17	100.00	1	1	180	6.0	177.0	1	4.41	active	0.65
Lepmon#SN000000_XX_YYY_2026-08-22_T_0130	01:30:02	0.00	26.38	1	11.67	1.28	246.89	2.90	1	3.73	1012.14	100.00	1	1	180	6.0	177.0	1	4.40	active	0.65
Lepmon#SN000000_XX_YYY_2026-08-22_T_0132	01:32:01	0.00	26.12	1	11.67	1.28	246.89	2.90	1	3.66	1012.12	100.00	1	1	180	6.0	177.0	1	4.43	active	0.65
Lepmon#SN000000_XX_YYY_2026-08-22_T_0134	01:34:01	0.00	26.00	1	11.67	1.28	246.89	2.90	1	3.57	1012.13	100.00	1	1	180	6.0	177.0	1	4.41	active	0.65
Lepmon#SN000000_XX_YYY_2026-08-22_T_0136	01:36:01	0.00	26.25	1	11.67	1.28	246.89	2.90	1	3.50	1012.14	100.00	1	1	180	6.0	177.0	1	4.40	active	0.65
Lepmon#SN000000_XX_YYY_2026-08-22_T_0138	01:38:01	0.00	26.12	1	11.66	1.27	245.67	2.88	1	3.47	1012.16	100.00	1	1	180	6.0	177.0	1	4.40	active	0.65
Lepmon#SN000000_XX_YYY_2026-08-22_T_0140	01:40:01	0.00	26.00	1	11.66	1.27	244.45	2.88	1	3.44	1012.16	100.00	1	1	180	6.0	177.0	1	4.42	active	0.65
Lepmon#SN000000_XX_YYY_2026-08-22_T_0142	01:42:01	0.00	25.88	1	11.67	1.27	245.67	2.88	1	3.39	1012.15	100.00	1	1	180	6.0	176.0	1	4.42	active	0.65
Lepmon#SN000000_XX_YYY_2026-08-22_T_0144	01:44:01	0.00	25.88	1	11.67	1.27	245.67	2.88	1	3.31	1012.14	100.00	1	1	180	6.0	177.0	1	4.40	active	0.65
Lepmon#SN000000_XX_YYY_2026-08-22_T_0146	01:46:01	0.00	26.00	1	11.66	1.27	244.14	2.88	1	3.24	1012.11	100.00	1	1	180	6.0	177.0	1	4.42	active	0.65
Lepmon#SN000000_XX_YYY_2026-08-22_T_0148	01:48:02	0.00	25.88	1	11.66	1.27	244.14	2.88	1	3.17	1012.13	100.00	1	1	180	6.0	177.0	1	4.40	active	0.65
Lepmon#SN000000_XX_YYY_2026-08-22_T_0150	01:50:01	0.00	25.75	1	11.67	1.27	245.06	2.88	1	3.12	1012.14	100.00	1	1	180	6.0	177.0	1	4.40	active	0.65
Lepmon#SN000000_XX_YYY_2026-08-22_T_0152	01:52:02	0.00	25.50	1	11.66	1.26	243.53	2.86	1	3.07	1012.17	100.00	1	1	180	6.0	177.0	1	4.42	active	0.65
Lepmon#SN000000_XX_YYY_2026-08-22_T_0154	01:54:01	0.00	25.88	1	11.67	1.27	245.06	2.88	1	3.01	1012.14	100.00	1	1	180	6.0	177.0	1	4.40	active	0.65
Lepmon#SN000000_XX_YYY_2026-08-22_T_0156	01:56:01	0.00	25.38	1	11.67	1.27	245.06	2.88	1	2.97	1012.13	100.00	1	1	180	6.0	177.0	1	4.40	active	0.65
Lepmon#SN000000_XX_YYY_2026-08-22_T_0158	01:58:01	0.00	25.62	1	11.67	1.27	245.06	2.88	1	2.94	1012.14	100.00	1	1	180	6.0	177.0	1	4.40	active	0.65
Lepmon#SN000000_XX_YYY_2026-08-22_T_0200	02:00:01	0.00	25.38	1	11.66	1.26	243.53	2.86	1	2.88	1012.16	100.00	1	1	180	6.0	177.0	1	4.40	active	0.65
Lepmon#SN000000_XX_YYY_2026-08-22_T_0204	02:03:50	0.00	25.50	1	11.67	1.27	244.45	2.88	1	2.83	1012.13	100.00	1	1	180	6.0	177.0	1	4.40	active	0.65
Lepmon#SN000000_XX_YYY_2026-08-22_T_0205	02:05:45	0.00	25.50	1	11.66	1.26	242.61	2.85	1	2.76	1012.15	100.00	1	1	180	6.0	177.0	1	4.42	active	0.65
Lepmon#SN000000_XX_YYY_2026-08-22_T_0207	02:07:02	0.00	25.50	1	11.67	1.27	244.45	2.88	1	2.75	1012.15	100.00	1	1	180	6.0	177.0	1	4.40	active	0.65
Lepmon#SN000000_XX_YYY_2026-08-22_T_0209	02:09:01	0.00	25.12	1	11.66	1.27	244.14	2.88	1	2.71	1012.10	100.00	1	1	180	6.0	177.0	1	4.40	active	0.65
Lepmon#SN000000_XX_YYY_2026-08-22_T_0211	02:11:01	0.00	25.62	1	11.66	1.26	243.53	2.86	1	2.67	1012.14	100.00	1	1	180	6.0	177.0	1	4.40	active	0.65
Lepmon#SN000000_XX_YYY_2026-08-22_T_0213	02:13:01	0.00	25.50	1	11.66	1.26	242.00	2.85	1	2.65	1012.17	100.00	1	1	180	6.0	177.0	1	4.39	active	0.65
Lepmon#SN000000_XX_YYY_2026-08-22_T_0215	02:15:01	0.00	25.50	1	11.66	1.26	243.23	2.86	1	2.62	1012.16	100.00	1	1	180	6.0	177.0	1	4.42	active	0.65
Lepmon#SN000000_XX_YYY_2026-08-22_T_0217	02:17:01	0.00	25.25	1	11.67	1.27	244.45	2.88	1	2.59	1012.15	100.00	1	1	180	6.0	177.0	1	4.39	active	0.65
Lepmon#SN000000_XX_YYY_2026-08-22_T_0219	02:19:01	0.00	25.38	1	11.67	1.27	244.45	2.88	1	2.58	1012.11	100.00	1	1	180	6.0	177.0	1	4.41	active	0.65
Lepmon#SN000000_XX_YYY_2026-08-22_T_0221	02:21:01	0.00	25.00	1	11.67	1.27	244.45	2.88	1	2.56	1012.16	100.00	1	1	180	6.0	177.0	1	4.42	active	0.65
Lepmon#SN000000_XX_YYY_2026-08-22_T_0223	02:23:01	0.00	25.00	1	11.67	1.27	244.14	2.88	1	2.50	1012.16	100.00	1	1	180	6.0	177.0	1	4.42	active	0.65
Lepmon#SN000000_XX_YYY_2026-08-22_T_0225	02:25:01	0.00	25.12	1	11.67	1.27	244.14	2.88	1	2.49	1012.15	100.00	1	1	180	6.0	177.0	1	4.42	active	0.65
Lepmon#SN000000_XX_YYY_2026-08-22_T_0227	02:27:01	0.00	25.12	1	11.67	1.27	244.14	2.88	1	2.47	1012.18	100.00	1	1	180	6.0	177.0	1	4.40	active	0.65
Lepmon#SN000000_XX_YYY_2026-08-22_T_0229	02:29:01	0.00	24.75	1	11.66	1.26	242.61	2.85	1	2.45	1012.19	100.00	1	1	180	6.0	177.0	1	4.42	active	0.65
Lepmon#SN000000_XX_YYY_2026-08-22_T_0231	02:31:01	0.00	25.00	1	11.67	1.27	244.14	2.88	1	2.43	1012.16	100.00	1	1	180	6.0	177.0	1	4.39	active	0.65
Lepmon#SN000000_XX_YYY_2026-08-22_T_0233	02:33:01	0.00	25.00	1	11.66	1.26	243.23	2.86	1	2.41	1012.21	100.00	1	1	180	6.0	177.0	1	4.39	active	0.65
Lepmon#SN000000_XX_YYY_2026-08-22_T_0235	02:35:01	0.00	24.88	1	11.67	1.27	244.14	2.88	1	2.39	1012.19	100.00	1	1	180	6.0	177.0	1	4.39	active	0.65
Lepmon#SN000000_XX_YYY_2026-08-22_T_0237	02:37:01	0.00	25.00	1	11.66	1.26	243.53	2.86	1	2.37	1012.18	100.00	1	1	180	6.0	177.0	1	4.41	active	0.65
Lepmon#SN000000_XX_YYY_2026-08-22_T_0239	02:39:01	0.00	24.88	1	11.66	1.26	243.23	2.86	1	2.36	1012.16	100.00	1	1	180	6.0	177.0	1	4.38	active	0.65
Lepmon#SN000000_XX_YYY_2026-08-22_T_0241	02:41:02	0.00	24.88	1	11.67	1.27	244.14	2.88	1	2.34	1012.16	100.00	1	1	180	6.0	177.0	1	4.39	active	0.65
Lepmon#SN000000_XX_YYY_2026-08-22_T_0243	02:43:01	0.00	24.75	1	11.67	1.27	244.14	2.88	1	2.33	1012.13	100.00	1	1	180	6.0	177.0	1	4.40	active	0.65
Lepmon#SN000000_XX_YYY_2026-08-22_T_0245	02:45:01	0.00	24.88	1	11.66	1.26	243.23	2.86	1	2.34	1012.14	100.00	1	1	180	6.0	177.0	1	4.40	active	0.65
Lepmon#SN000000_XX_YYY_2026-08-22_T_0247	02:47:01	0.00	24.50	1	11.67	1.26	243.53	2.86	1	2.32	1012.16	100.00	1	1	180	6.0	177.0	1	4.42	active	0.65
Lepmon#SN000000_XX_YYY_2026-08-22_T_0249	02:49:02	0.00	24.62	1	11.67	1.27	243.53	2.86	1	2.32	1012.19	100.00	1	1	180	6.0	177.0	1	4.41	active	0.65
Lepmon#SN000000_XX_YYY_2026-08-22_T_0251	02:51:02	0.00	24.88	1	11.67	1.26	243.53	2.86	1	2.31	1012.22	100.00	1	1	180	6.0	177.0	1	4.41	active	0.65
Lepmon#SN000000_XX_YYY_2026-08-22_T_0253	02:53:01	0.00	24.75	1	11.67	1.27	244.14	2.88	1	2.30	1012.25	100.00	1	1	180	6.0	177.0	1	4.39	active	0.65
Lepmon#SN000000_XX_YYY_2026-08-22_T_0255	02:55:01	0.00	24.62	1	11.67	1.27	244.14	2.88	1	2.29	1012.24	100.00	1	1	180	6.0	177.0	1	4.41	active	0.65
Lepmon#SN000000_XX_YYY_2026-08-22_T_0257	02:57:01	0.00	24.75	1	11.66	1.26	242.61	2.85	1	2.29	1012.26	100.00	1	1	180	6.0	177.0	1	4.41	active	0.65
Lepmon#SN000000_XX_YYY_2026-08-22_T_0259	02:59:01	0.00	24.50	1	11.66	1.26	242.61	2.85	1	2.30	1012.27	100.00	1	1	180	6.0	177.0	1	4.41	active	0.65
Lepmon#SN000000_XX_YYY_2026-08-22_T_0301	03:01:01	0.00	24.38	1	11.67	1.25	241.70	2.85	1	2.28	1012.27	100.00	1	1	180	6.0	177.0	1	4.41	active	0.65
Lepmon#SN000000_XX_YYY_2026-08-22_T_0303	03:03:01	0.00	24.62	1	11.67	1.26	242.00	2.85	1	2.24	1012.29	100.00	1	1	180	6.0	177.0	1	4.42	active	0.65
Lepmon#SN000000_XX_YYY_2026-08-22_T_0305	03:05:01	0.00	24.62	1	11.67	1.26	242.00	2.85	1	2.19	1012.33	100.00	1	1	180	6.0	177.0	1	4.39	active	0.65
Lepmon#SN000000_XX_YYY_2026-08-22_T_0307	03:07:01	0.00	24.25	1	11.67	1.26	242.00	2.85	1	2.13	1012.32	100.00	1	1	180	6.0	177.0	1	4.39	active	0.65
Lepmon#SN000000_XX_YYY_2026-08-22_T_0309	03:09:01	0.00	24.50	1	11.67	1.26	242.00	2.85	1	2.08	1012.30	100.00	1	1	180	6.0	177.0	1	4.41	active	0.65
Lepmon#SN000000_XX_YYY_2026-08-22_T_0311	03:11:01	0.00	24.38	1	11.67	1.26	242.00	2.85	1	2.03	1012.32	100.00	1	1	180	6.0	177.0	1	4.42	active	0.65
Lepmon#SN000000_XX_YYY_2026-08-22_T_0313	03:13:01	0.00	24.38	1	11.67	1.26	242.00	2.85	1	1.98	1012.35	100.00	1	1	180	6.0	177.0	1	4.41	active	0.65
Lepmon#SN000000_XX_YYY_2026-08-22_T_0315	03:15:01	0.00	24.12	1	11.67	1.26	242.61	2.85	1	1.96	1012.37	100.00	1	1	180	6.0	177.0	1	4.41	active	0.65
Lepmon#SN000000_XX_YYY_2026-08-22_T_0317	03:17:01	0.00	24.00	1	11.67	1.26	242.00	2.85	1	1.93	1012.38	100.00	1	1	180	6.0	177.0	1	4.41	active	0.65
Lepmon#SN000000_XX_YYY_2026-08-22_T_0319	03:19:01	0.00	24.38	1	11.66	1.25	241.09	2.84	1	1.90	1012.38	100.00	1	1	180	6.0	177.0	1	4.42	active	0.65
Lepmon#SN000000_XX_YYY_2026-08-22_T_0321	03:21:01	0.00	24.12	1	11.67	1.25	241.09	2.84	1	1.87	1012.39	100.00	1	1	180	6.0	177.0	1	4.41	active	0.65
Lepmon#SN000000_XX_YYY_2026-08-22_T_0323	03:23:02	0.00	24.38	1	11.67	1.25	241.70	2.85	1	1.84	1012.38	100.00	1	1	180	6.0	177.0	1	4.39	active	0.65
Lepmon#SN000000_XX_YYY_2026-08-22_T_0325	03:25:01	0.00	24.25	1	11.67	1.25	242.00	2.85	1	1.82	1012.41	100.00	1	1	180	6.0	177.0	1	4.41	active	0.65
Lepmon#SN000000_XX_YYY_2026-08-22_T_0327	03:27:01	0.00	24.00	1	11.66	1.25	240.78	2.84	1	1.80	1012.45	100.00	1	1	180	6.0	177.0	1	4.42	active	0.65
Lepmon#SN000000_XX_YYY_2026-08-22_T_0329	03:29:01	0.00	24.25	1	11.67	1.25	241.70	2.85	1	1.78	1012.42	100.00	1	1	180	6.0	177.0	1	4.39	active	0.65
Lepmon#SN000000_XX_YYY_2026-08-22_T_0331	03:31:01	0.00	24.25	1	11.66	1.25	240.17	2.82	1	1.76	1012.45	100.00	1	1	180	6.0	177.0	1	4.41	active	0.65
Lepmon#SN000000_XX_YYY_2026-08-22_T_0333	03:33:01	0.00	24.00	1	11.67	1.25	241.09	2.84	1	1.72	1012.43	100.00	1	1	180	6.0	177.0	1	4.40	active	0.65
Lepmon#SN000000_XX_YYY_2026-08-22_T_0335	03:35:01	0.00	24.25	1	11.67	1.25	241.70	2.85	1	1.70	1012.46	100.00	1	1	180	6.0	177.0	1	4.40	active	0.65
Lepmon#SN000000_XX_YYY_2026-08-22_T_0337	03:37:01	0.00	24.12	1	11.67	1.25	241.09	2.84	1	1.68	1012.48	100.00	1	1	180	6.0	177.0	1	4.41	active	0.65
Lepmon#SN000000_XX_YYY_2026-08-22_T_0339	03:39:01	0.00	24.12	1	11.66	1.25	240.78	2.84	1	1.67	1012.44	100.00	1	1	180	6.0	177.0	1	4.41	active	0.65
Lepmon#SN000000_XX_YYY_2026-08-22_T_0341	03:41:02	0.00	24.00	1	11.66	1.25	240.17	2.82	1	1.64	1012.45	100.00	1	1	180	6.0	177.0	1	4.42	active	0.65
Lepmon#SN000000_XX_YYY_2026-08-22_T_0343	03:43:01	0.00	24.00	1	11.67	1.25	241.09	2.84	1	1.65	1012.43	100.00	1	1	180	6.0	177.0	1	4.42	active	0.65
Lepmon#SN000000_XX_YYY_2026-08-22_T_0345	03:45:01	0.00	24.00	1	11.67	1.25	240.78	2.84	1	1.63	1012.42	100.00	1	1	180	6.0	177.0	1	4.42	active	0.65
Lepmon#SN000000_XX_YYY_2026-08-22_T_0347	03:47:01	0.00	23.88	1	11.67	1.25	241.09	2.84	1	1.62	1012.47	100.00	1	1	180	6.0	177.0	1	4.40	active	0.65
Lepmon#SN000000_XX_YYY_2026-08-22_T_0349	03:49:01	0.00	24.00	1	11.67	1.25	240.78	2.84	1	1.60	1012.46	100.00	1	1	180	6.0	177.0	1	4.40	active	0.65
Lepmon#SN000000_XX_YYY_2026-08-22_T_0351	03:51:01	0.00	23.88	1	11.66	1.25	240.17	2.82	1	1.58	1012.48	100.00	1	1	180	6.0	177.0	1	4.42	active	0.65
Lepmon#SN000000_XX_YYY_2026-08-22_T_0353	03:53:02	0.00	24.12	1	11.67	1.25	240.78	2.84	1	1.56	1012.49	100.00	1	1	180	6.0	177.0	1	4.42	active	0.65
Lepmon#SN000000_XX_YYY_2026-08-22_T_0355	03:55:01	0.00	23.75	1	11.67	1.25	240.78	2.84	1	1.54	1012.47	100.00	1	1	180	6.0	177.0	1	4.39	active	0.65
Lepmon#SN000000_XX_YYY_2026-08-22_T_0357	03:57:01	0.00	24.00	1	11.67	1.25	240.78	2.84	1	1.54	1012.50	100.00	1	1	180	6.0	177.0	1	4.42	active	0.65
Lepmon#SN000000_XX_YYY_2026-08-22_T_0359	03:59:01	0.00	23.75	1	11.66	1.24	239.87	2.82	1	1.50	1012.47	100.00	1	1	180	6.0	177.0	1	4.40	active	0.65
Lepmon#SN000000_XX_YYY_2026-08-22_T_0401	04:01:01	0.00	23.75	1	11.67	1.25	240.78	2.84	1	1.50	1012.50	100.00	1	1	180	6.0	177.0	1	4.39	active	0.65
Lepmon#SN000000_XX_YYY_2026-08-22_T_0403	04:03:01	0.00	23.75	1	11.67	1.25	240.78	2.84	1	1.48	1012.52	100.00	1	1	180	6.0	177.0	1	4.40	active	0.65
Lepmon#SN000000_XX_YYY_2026-08-22_T_0405	04:05:01	0.00	23.75	1	11.67	1.25	240.17	2.82	1	1.47	1012.56	100.00	1	1	180	6.0	177.0	1	4.39	active	0.65
Lepmon#SN000000_XX_YYY_2026-08-22_T_0407	04:07:01	0.00	23.62	1	11.66	1.24	239.26	2.81	1	1.45	1012.53	100.00	1	1	180	6.0	177.0	1	4.42	active	0.65
Lepmon#SN000000_XX_YYY_2026-08-22_T_0409	04:09:01	0.00	23.62	1	11.66	1.24	238.65	2.81	1	1.46	1012.54	100.00	1	1	180	6.0	177.0	1	4.43	active	0.65
Lepmon#SN000000_XX_YYY_2026-08-22_T_0411	04:11:01	0.00	23.88	1	11.66	1.24	239.87	2.82	1	1.49	1012.53	100.00	1	1	180	6.0	177.0	1	4.41	active	0.65
Lepmon#SN000000_XX_YYY_2026-08-22_T_0413	04:13:01	0.00	23.88	1	11.67	1.25	240.17	2.82	1	1.52	1012.53	100.00	1	1	180	6.0	177.0	1	4.42	active	0.65
Lepmon#SN000000_XX_YYY_2026-08-22_T_0415	04:15:01	0.00	23.88	1	11.67	1.25	240.17	2.82	1	1.57	1012.49	100.00	1	1	180	6.0	177.0	1	4.41	active	0.65
Lepmon#SN000000_XX_YYY_2026-08-22_T_0417	04:17:01	0.00	23.62	1	11.66	1.24	239.26	2.81	1	1.58	1012.46	100.00	1	1	180	6.0	177.0	1	4.42	active	0.65
Lepmon#SN000000_XX_YYY_2026-08-22_T_0419	04:19:01	0.00	23.75	1	11.67	1.25	240.17	2.82	1	1.58	1012.37	100.00	1	1	180	6.0	177.0	1	4.41	active	0.65
Lepmon#SN000000_XX_YYY_2026-08-22_T_0421	04:21:01	0.00	23.62	1	11.67	1.25	240.17	2.82	1	1.56	1012.43	100.00	1	1	180	6.0	177.0	1	4.42	active	0.65
Lepmon#SN000000_XX_YYY_2026-08-22_T_0423	04:23:01	0.00	23.75	1	11.67	1.24	240.17	2.82	1	1.58	1012.43	100.00	1	1	180	6.0	177.0	1	4.41	active	0.65
Lepmon#SN000000_XX_YYY_2026-08-22_T_0425	04:25:01	0.00	23.62	1	11.66	1.24	239.26	2.81	1	1.56	1012.48	100.00	1	1	180	6.0	177.0	1	4.42	active	0.65
Lepmon#SN000000_XX_YYY_2026-08-22_T_0427	04:27:01	0.00	23.62	1	11.67	1.25	240.17	2.82	1	1.53	1012.52	100.00	1	1	180	6.0	177.0	1	4.42	active	0.65
Lepmon#SN000000_XX_YYY_2026-08-22_T_0429	04:29:01	0.00	23.50	1	11.67	1.25	240.17	2.82	1	1.50	1012.56	100.00	1	1	180	6.0	177.0	1	4.41	active	0.65
Lepmon#SN000000_XX_YYY_2026-08-22_T_0431	04:31:01	0.00	23.62	1	11.66	1.24	239.87	2.82	1	1.47	1012.57	100.00	1	1	180	6.0	177.0	1	4.42	active	0.65
Lepmon#SN000000_XX_YYY_2026-08-22_T_0433	04:33:01	0.00	23.75	1	11.67	1.25	240.17	2.82	1	1.48	1012.57	100.00	1	1	180	6.0	177.0	1	4.41	active	0.65
Lepmon#SN000000_XX_YYY_2026-08-22_T_0435	04:35:01	0.00	23.62	1	11.67	1.25	240.17	2.82	1	1.52	1012.56	100.00	1	1	180	6.0	177.0	1	4.42	active	0.65
Lepmon#SN000000_XX_YYY_2026-08-22_T_0437	04:37:01	0.00	23.75	1	11.66	1.24	238.65	2.81	1	1.53	1012.55	100.00	1	1	180	6.0	177.0	1	4.42	active	0.65
Lepmon#SN000000_XX_YYY_2026-08-22_T_0439	04:39:01	0.00	23.50	1	11.67	1.25	240.17	2.82	1	1.55	1012.56	100.00	1	1	180	6.0	177.0	1	4.41	active	0.65
Lepmon#SN000000_XX_YYY_2026-08-22_T_0441	04:41:02	0.00	23.75	1	11.67	1.25	240.17	2.82	1	1.55	1012.58	100.00	1	1	180	6.0	177.0	1	4.41	active	0.65
Lepmon#SN000000_XX_YYY_2026-08-22_T_0443	04:43:01	0.00	23.62	1	11.67	1.25	240.17	2.82	1	1.55	1012.57	100.00	1	1	180	6.0	177.0	1	4.40	active	0.65
Lepmon#SN000000_XX_YYY_2026-08-22_T_0445	04:45:01	0.00	23.88	1	11.66	1.24	239.26	2.81	1	1.57	1012.58	100.00	1	1	180	6.0	177.0	1	4.42	active	0.65
Lepmon#SN000000_XX_YYY_2026-08-22_T_0447	04:47:01	0.00	23.75	1	11.67	1.25	240.17	2.82	1	1.56	1012.54	100.00	1	1	180	6.0	177.0	1	4.40	active	0.65
Lepmon#SN000000_XX_YYY_2026-08-22_T_0449	04:49:02	0.00	23.75	1	11.67	1.25	240.78	2.84	1	1.61	1012.53	100.00	1	1	180	6.0	177.0	1	4.39	active	0.65
Lepmon#SN000000_XX_YYY_2026-08-22_T_0451	04:51:01	0.00	23.75	1	11.66	1.25	240.17	2.84	1	1.68	1012.59	100.00	1	1	180	6.0	177.0	1	4.42	active	0.65
Lepmon#SN000000_XX_YYY_2026-08-22_T_0453	04:53:01	0.00	23.88	1	11.67	1.25	241.09	2.84	1	1.79	1012.60	100.00	1	1	180	6.0	177.0	1	4.40	active	0.65
Lepmon#SN000000_XX_YYY_2026-08-22_T_0455	04:55:01	0.00	23.62	1	11.67	1.25	241.70	2.85	1	1.96	1012.62	100.00	1	1	180	6.0	177.0	1	4.39	active	0.65
Lepmon#SN000000_XX_YYY_2026-08-22_T_0457	04:57:02	0.00	23.75	1	11.67	1.25	241.70	2.85	1	2.15	1012.67	100.00	1	1	180	6.0	177.0	1	4.40	active	0.65
Lepmon#SN000000_XX_YYY_2026-08-22_T_0459	04:59:01	0.00	24.12	1	11.67	1.26	242.00	2.85	1	2.40	1012.69	100.00	1	1	180	6.0	177.0	1	4.42	active	0.65
Lepmon#SN000000_XX_YYY_2026-08-22_T_0501	05:01:01	0.00	24.12	1	11.67	1.26	242.00	2.85	1	2.68	1012.67	100.00	1	1	180	6.0	177.0	1	4.41	active	0.65
Lepmon#SN000000_XX_YYY_2026-08-22_T_0503	05:03:01	0.00	24.38	1	11.67	1.26	243.23	2.86	1	2.99	1012.70	100.00	1	1	180	6.0	177.0	1	4.42	active	0.65
Lepmon#SN000000_XX_YYY_2026-08-22_T_0505	05:05:02	0.00	24.25	1	11.67	1.27	244.14	2.88	1	3.29	1012.71	100.00	1	1	180	6.0	177.0	1	4.41	active	0.65
Lepmon#SN000000_XX_YYY_2026-08-22_T_0507	05:07:01	0.00	24.50	1	11.67	1.27	244.45	2.88	1	3.60	1012.74	100.00	1	1	180	6.0	177.0	1	4.42	active	0.65
Lepmon#SN000000_XX_YYY_2026-08-22_T_0509	05:09:01	0.00	24.62	1	11.66	1.27	244.14	2.88	1	3.90	1012.72	100.00	1	1	180	6.0	177.0	1	4.40	active	0.65
Lepmon#SN000000_XX_YYY_2026-08-22_T_0511	05:11:01	0.00	24.75	1	11.67	1.28	245.97	2.90	1	4.19	1012.75	100.00	1	1	180	6.0	177.0	1	4.40	active	0.65
Lepmon#SN000000_XX_YYY_2026-08-22_T_0513	05:13:01	0.00	25.00	1	11.66	1.27	245.67	2.88	1	4.46	1012.73	100.00	1	1	180	6.0	177.0	1	4.42	active	0.65
